attempt_id,method,unit,condition,status,path,artifact_sha256,bytes,parsed
SFC-00-nominal,SFC,0,nominal,complete,attempts/SFC-00-nominal/artifact.json,e51055b6e96aec95671647c044e7100567a5dafa59343afd7afa0c3adea3e3a9,340008836,True
SFC-00-disturbed,SFC,0,disturbed,complete,attempts/SFC-00-disturbed/artifact.json,5d835eceb7996ad91e253029522b459c2a5b861d4cfb768c16fce8d6151392aa,340116904,True
SFC-01-nominal,SFC,1,nominal,complete,attempts/SFC-01-nominal/artifact.json,7943dd2ae88242eede493ea94bc24ca64a81da0dd4cd7906a89416ba6cafc714,339933918,True
SFC-01-disturbed,SFC,1,disturbed,complete,attempts/SFC-01-disturbed/artifact.json,b2751ef469193cf86ddad09700ee581644b7f61c431b6c08489c8333ad37a5d9,340304899,True
SFC-02-nominal,SFC,2,nominal,complete,attempts/SFC-02-nominal/artifact.json,e8c852ef4b5db1f396f4ca95be8504d2e7a4922937824edb7f21a91d9bf3bb68,339307580,True
SFC-02-disturbed,SFC,2,disturbed,complete,attempts/SFC-02-disturbed/artifact.json,00844745601772d8fbdbc785caf2977e353a6d0145db506c3051b9be43fee798,339975090,True
SFC-03-nominal,SFC,3,nominal,complete,attempts/SFC-03-nominal/artifact.json,ec804e9fd8c215a886eaa8bac9a1bbf151ffd3d68a05b2c692d58aa5556c43d6,339948759,True
SFC-03-disturbed,SFC,3,disturbed,complete,attempts/SFC-03-disturbed/artifact.json,9b10e74288ab5fab023239f544679dc47c58e25a9d1653a678be6eba839efd5e,340545068,True
SFC-04-nominal,SFC,4,nominal,complete,attempts/SFC-04-nominal/artifact.json,863c6bf56ee4219396ca9e763cb8129d2f929ac656227c39260262d381856c0d,339660060,True
SFC-04-disturbed,SFC,4,disturbed,complete,attempts/SFC-04-disturbed/artifact.json,7bbeeadc62fbb0c3d520258aaa4ff9b30075fc7a68170080d45099a20ffc1d4f,339787935,True
SFC-05-nominal,SFC,5,nominal,complete,attempts/SFC-05-nominal/artifact.json,965fb7133bded642fe699013ba5f256d1f0fb6f5fa59234f9305f28613c7e4ed,339804102,True
SFC-05-disturbed,SFC,5,disturbed,complete,attempts/SFC-05-disturbed/artifact.json,71f68ecbed1a5df337143f34e7c2ede3533573cb51ca136f79602dfe4068e813,340290281,True
SFC-06-nominal,SFC,6,nominal,complete,attempts/SFC-06-nominal/artifact.json,6a870d9d70b3f9f81892af537852266755223312952b3dc724b41e1c5d0ef8df,339339788,True
SFC-06-disturbed,SFC,6,disturbed,complete,attempts/SFC-06-disturbed/artifact.json,2099693f44cba134503858677b3d71f2b96f7a62679ccb2f14419352efd178cb,340244325,True
SFC-07-nominal,SFC,7,nominal,complete,attempts/SFC-07-nominal/artifact.json,2bd0dafc6c3332b4ef9ce90b697a9319af53d2fa99b05821e28263ef5bd12b94,338392161,True
SFC-07-disturbed,SFC,7,disturbed,complete,attempts/SFC-07-disturbed/artifact.json,7e0b7469b10135cbc106facd00931c1f0c8b132b06128e7ce509d54998c82cae,339177931,True
DSFC-00-nominal,DSFC,0,nominal,complete,attempts/DSFC-00-nominal/artifact.json,e2c99ad28124832160b936b4334786440a81da031668e129fef0d883206ddd30,339324784,True
DSFC-00-disturbed,DSFC,0,disturbed,complete,attempts/DSFC-00-disturbed/artifact.json,80390b0948e4e4a5ec6e7005ad07de9dced9db78223e8e07b6509edb9ea6084e,339404496,True
DSFC-01-nominal,DSFC,1,nominal,complete,attempts/DSFC-01-nominal/artifact.json,31145a4dc39339177fc6981d19c5b0f62fb5d3daa2b1fbfe14e8820ce66a340b,339288510,True
DSFC-01-disturbed,DSFC,1,disturbed,complete,attempts/DSFC-01-disturbed/artifact.json,ddae9fdc48084c2ee3c74a91099134f610a04aef739023398cf2023c05038ac3,339579986,True
DSFC-02-nominal,DSFC,2,nominal,complete,attempts/DSFC-02-nominal/artifact.json,681213de0e2ae22ba75ed97ee953d4a2915aab0ddfea796a7e71101d40ebdde2,338763637,True
DSFC-02-disturbed,DSFC,2,disturbed,complete,attempts/DSFC-02-disturbed/artifact.json,f9565bc3c7e790a727e25bef62da49350b8c1796990e6467039b7a7d457d5eb5,339311993,True
DSFC-03-nominal,DSFC,3,nominal,complete,attempts/DSFC-03-nominal/artifact.json,6caf014f2f5b54bc9ccbd02a9c762b0c3c7b34f178f5d5d6df05d1ef412275fc,339207073,True
DSFC-03-disturbed,DSFC,3,disturbed,complete,attempts/DSFC-03-disturbed/artifact.json,547db5e177ad9ea9a2ca82184f506c2190bf54a4d2a0b953710a9101af847823,339913775,True
DSFC-04-nominal,DSFC,4,nominal,complete,attempts/DSFC-04-nominal/artifact.json,8d130644c2c0b9c1d579593a03faa7152f59c7bec3f8efa59b2af093523f38ef,339120682,True
DSFC-04-disturbed,DSFC,4,disturbed,complete,attempts/DSFC-04-disturbed/artifact.json,4a00a855d3f6754c5fc6ba46148bc6930dcca2043b974df069c3128af315c7a2,339250705,True
DSFC-05-nominal,DSFC,5,nominal,complete,attempts/DSFC-05-nominal/artifact.json,b2bc36f4560f70277bb1d5a94b2cbf1a9baca2aaa86ec8d75a31325a499fd201,339149408,True
DSFC-05-disturbed,DSFC,5,disturbed,complete,attempts/DSFC-05-disturbed/artifact.json,9a97697d39d8acb0ab778f16a18feea8df17669b3433f4a4ddbeacf7fd0f38e0,339258405,True
DSFC-06-nominal,DSFC,6,nominal,complete,attempts/DSFC-06-nominal/artifact.json,32e6bafa68135c0aa0a713216703532ac0d547451389560f34cfc6a314fc7f16,338427271,True
DSFC-06-disturbed,DSFC,6,disturbed,complete,attempts/DSFC-06-disturbed/artifact.json,da4abffe206386336d09baddcb3410e90879b0d3d2f144e9bdec8c9cd2944e0e,339284786,True
DSFC-07-nominal,DSFC,7,nominal,complete,attempts/DSFC-07-nominal/artifact.json,1bdffc9dfc6a9218c3f6f7c6e4a733e83acd57243d36aab27f8a8a41868777a8,338082822,True
DSFC-07-disturbed,DSFC,7,disturbed,complete,attempts/DSFC-07-disturbed/artifact.json,a7ff573fb23c3ea6c4fb954d64b301f64057916009488e28ca6b440f3449fe0f,338793584,True
DSFC-08-nominal,DSFC,8,nominal,complete,attempts/DSFC-08-nominal/artifact.json,1104d5c90c3f46cd0d4e290c33f1494d5316db3a65982e3b8a6291015f37d168,338656509,True
DSFC-08-disturbed,DSFC,8,disturbed,complete,attempts/DSFC-08-disturbed/artifact.json,762ea4d7363df69fb8fd010c8990e4f0b542608ad62c26aba864da42a4b8edd5,339323902,True
DSFC-09-nominal,DSFC,9,nominal,complete,attempts/DSFC-09-nominal/artifact.json,fcda63440634174b815cdb7059356904251c00a2dc22ef3daf0f95a446014f97,336721492,True
DSFC-09-disturbed,DSFC,9,disturbed,complete,attempts/DSFC-09-disturbed/artifact.json,26ea727798c9acb15f7c93e7b0cacaa7ac22e52feae22f9bfe8d549318e19c42,339209512,True
DSFC-10-nominal,DSFC,10,nominal,complete,attempts/DSFC-10-nominal/artifact.json,b7062ce9376a5c9f20d36c47342c738d1606d3e64ba56c2cecd6891a5f064006,338464117,True
DSFC-10-disturbed,DSFC,10,disturbed,complete,attempts/DSFC-10-disturbed/artifact.json,93f074ab66d99decae5d681dcdff887a14c8878eacb75cdd0fac6699de84c741,339368381,True
DSFC-11-nominal,DSFC,11,nominal,complete,attempts/DSFC-11-nominal/artifact.json,5c3a7ae296ccd930f1a6abedddd48deda0113e127f0c449eda87462330c908fd,338188259,True
DSFC-11-disturbed,DSFC,11,disturbed,complete,attempts/DSFC-11-disturbed/artifact.json,1920bcc364418b703f808fcb0d8caaa9de257b5534dbe5db57e0e41cdb713f5d,338861022,True
DSFC-12-nominal,DSFC,12,nominal,complete,attempts/DSFC-12-nominal/artifact.json,273bdc6fad3380b6bb547f346559c115aaf0fa2c7d75c7a02d9c556fc9cffa6b,336502696,True
DSFC-12-disturbed,DSFC,12,disturbed,complete,attempts/DSFC-12-disturbed/artifact.json,7dc89d0e86bdcae90a443724812c639759c79d01a180af8e08bbf93e0ba5e940,338935638,True
DSFC-13-nominal,DSFC,13,nominal,complete,attempts/DSFC-13-nominal/artifact.json,88232d4da28090db8242c367ca20a7e0b39461453ac17f002acea8025a1a33cc,339273766,True
DSFC-13-disturbed,DSFC,13,disturbed,complete,attempts/DSFC-13-disturbed/artifact.json,345273ae63b049edc7b9b44119c774305c25294e60581d321b3cb63067bb7d04,339401470,True
DSFC-14-nominal,DSFC,14,nominal,complete,attempts/DSFC-14-nominal/artifact.json,f843b7ab0ad36f7f67a67257d4e80ed5c1a36d0b6101026c8bf441c663252a54,338489224,True
DSFC-14-disturbed,DSFC,14,disturbed,complete,attempts/DSFC-14-disturbed/artifact.json,973ca930ea539f2bcbcf7e5fc99ab5d735f36f751a4a240d3fc9c891a9bcfab1,339148758,True
DSFC-15-nominal,DSFC,15,nominal,complete,attempts/DSFC-15-nominal/artifact.json,c80c931ea7baf87a5b181485706135577d2b02284a7832c5e144ab027537c3e9,335705196,True
DSFC-15-disturbed,DSFC,15,disturbed,complete,attempts/DSFC-15-disturbed/artifact.json,6109d6ca3d7bdc3ffe4a5a885ad5b2737cbf5f9da1fbefc93674c66dc37a663e,336929594,True
DSFC-16-nominal,DSFC,16,nominal,complete,attempts/DSFC-16-nominal/artifact.json,a7242e0bd3df462964f3b5f82ceb1e5316fd0e3dd566bdab6f299f53d58b5959,336256840,True
MSFC-00-nominal,MSFC,0,nominal,complete,attempts/MSFC-00-nominal/artifact.json,74d541d3674b10b4006b4e82606cef07516a13525e853455f8fb626101f7587c,347920549,True
MSFC-00-disturbed,MSFC,0,disturbed,complete,attempts/MSFC-00-disturbed/artifact.json,b323f738dd3bf67f28a0829bead3c846d971f64b6ac5688e0e89679a22c5191a,347834315,True
MSFC-01-nominal,MSFC,1,nominal,complete,attempts/MSFC-01-nominal/artifact.json,03bbe1d2123d095ed4def2d0778f065890bbac063b811b86bfb0253ac3f5925b,347913556,True
MSFC-01-disturbed,MSFC,1,disturbed,complete,attempts/MSFC-01-disturbed/artifact.json,103386ceb9fa72414c4b3e724be06b24b7131ba4a7af1b03f31621aba4f741a7,348035643,True
MSFC-02-nominal,MSFC,2,nominal,complete,attempts/MSFC-02-nominal/artifact.json,a16f00120e4956ad1c883e897174c5a88d81fe228b32ce2eed27c83f75203ef2,347380988,True
MSFC-02-disturbed,MSFC,2,disturbed,complete,attempts/MSFC-02-disturbed/artifact.json,62a4e263f0205ee206d4dc9776a50ebb8e218e759ac063c578db3c4482bf9495,347946670,True
MSFC-03-nominal,MSFC,3,nominal,complete,attempts/MSFC-03-nominal/artifact.json,0d459958dc4d48deab07971b61e22f2db23a1f7f6f8f6ab525a719abaa331e25,347774089,True
MSFC-03-disturbed,MSFC,3,disturbed,complete,attempts/MSFC-03-disturbed/artifact.json,224cd7bd897ffa657a80de1f5007b41c0cb0314f3307eb190f9f295d1680705b,348363569,True
MSFC-04-nominal,MSFC,4,nominal,complete,attempts/MSFC-04-nominal/artifact.json,6a3e93a848cbb46636673b57f183908e6e2be53f3ee5103948bf0672ab0fdc5b,347481836,True
MSFC-04-disturbed,MSFC,4,disturbed,complete,attempts/MSFC-04-disturbed/artifact.json,380f5e4d62747038f37cc36b72773c53b9d055b3ef5f320bbac88ce11a1d992b,347554686,True
MSFC-05-nominal,MSFC,5,nominal,complete,attempts/MSFC-05-nominal/artifact.json,ef4e6ccb400aec22217ab68ba15a1f63f473d0091e4af7a985a4a120af2cc94d,347734780,True
MSFC-05-disturbed,MSFC,5,disturbed,complete,attempts/MSFC-05-disturbed/artifact.json,09782ba2dea47a957e7017b675bf70e3fd10d1e9a6319290065907388339b691,347639639,True
MSFC-06-nominal,MSFC,6,nominal,complete,attempts/MSFC-06-nominal/artifact.json,a6d68bc64536496e83073a482a794ed7dc2fb3106f79252c92be4485bd4bf25c,347282364,True
MSFC-06-disturbed,MSFC,6,disturbed,complete,attempts/MSFC-06-disturbed/artifact.json,2ea59fe9d72a0cc1e8665c9c6da1f8e7c891509802b4a5a62109fbd7111b5d2a,348071220,True
MSFC-07-nominal,MSFC,7,nominal,complete,attempts/MSFC-07-nominal/artifact.json,7287ac24c47b52329deae08d1aa1e7e71994e5be4065aeaab92ea8f7ab8e9e90,345993265,True
MSFC-07-disturbed,MSFC,7,disturbed,complete,attempts/MSFC-07-disturbed/artifact.json,ad5c07a2705474d680506eb312b8a3c06a81cfd21d203859d02cf5d3872acdf8,346766480,True
MSFC-08-nominal,MSFC,8,nominal,complete,attempts/MSFC-08-nominal/artifact.json,d14fa0c3a49102f17d8229eb0bd718061475994271edd8eda820b0f5f20ff358,347271504,True
MSFC-08-disturbed,MSFC,8,disturbed,complete,attempts/MSFC-08-disturbed/artifact.json,550fee4a62630ac3a2b4508789042d40b696879ff097446f90252585be7ed62d,347840181,True
MSFC-09-nominal,MSFC,9,nominal,complete,attempts/MSFC-09-nominal/artifact.json,31e4e7d5455df2958e3e5a6c7ae6ae6f890e2e646b6de275531655a387b609e4,344904769,True
MSFC-09-disturbed,MSFC,9,disturbed,complete,attempts/MSFC-09-disturbed/artifact.json,40ef5dea311a28cbdd7909e35c463f4a165d26d5c204df4c38b8fd02f650d63c,347578052,True
MSFC-10-nominal,MSFC,10,nominal,complete,attempts/MSFC-10-nominal/artifact.json,663ddbfab1ebfe587622cc3697895688486645e8d7966724f65057ba9df12b68,347911245,True
MSFC-10-disturbed,MSFC,10,disturbed,complete,attempts/MSFC-10-disturbed/artifact.json,7f7b9e7f472af3766003aef2153766e2ffefd035cc5e1e7c7e82498d057f5310,348060523,True
MSFC-11-nominal,MSFC,11,nominal,complete,attempts/MSFC-11-nominal/artifact.json,4dc5063433384a585bd09a1d7af563f70a025d1fdde871086c4d7fa2b1a0b2f8,347682016,True
MSFC-11-disturbed,MSFC,11,disturbed,complete,attempts/MSFC-11-disturbed/artifact.json,1f86dbb83dc1a53239ce2592f6827fa96f359fd4887e1ffb44ed5855e2fc6e9d,347721439,True
MSFC-12-nominal,MSFC,12,nominal,complete,attempts/MSFC-12-nominal/artifact.json,3ab4914d6d2b60db8dfb8577519d52fcc89f340809f6c904a6ef4a6e45453f55,344519655,True
MSFC-12-disturbed,MSFC,12,disturbed,complete,attempts/MSFC-12-disturbed/artifact.json,e50ff14b97db709b942c4fea89600e5d6270b47a1734f10539ff52429425ce27,347636654,True
MSFC-13-nominal,MSFC,13,nominal,complete,attempts/MSFC-13-nominal/artifact.json,9e9ed1bb1a075b0956682305306097ac8f8335ab1aa04b390dbd447a8ded575e,347062655,True
MSFC-13-disturbed,MSFC,13,disturbed,complete,attempts/MSFC-13-disturbed/artifact.json,ed2140c7fcb4c8f400def10a596314291af4101a078118b32cc2329875b5e1d9,347640437,True
MSFC-14-nominal,MSFC,14,nominal,complete,attempts/MSFC-14-nominal/artifact.json,18efe3a1133a949be5097aaeaa4b03a7e3e4a3d9c012f9522a5852c1aebff409,344738610,True
MSFC-14-disturbed,MSFC,14,disturbed,complete,attempts/MSFC-14-disturbed/artifact.json,b497fc21344683a3e4cce01b8c32f129df11787a5111b8145ece8a1214167a34,345933965,True
MSFC-15-nominal,MSFC,15,nominal,complete,attempts/MSFC-15-nominal/artifact.json,89abd48b55ab045792d477ecc4ff6de67412898a298707a7d608804ff25c5ef6,344657550,True
MSFC-15-disturbed,MSFC,15,disturbed,complete,attempts/MSFC-15-disturbed/artifact.json,e8d1af20719f955fdc22c762e2cc163fd67124eba8360e113d96ef64f9659112,345730151,True
