method,unit,condition,scheduled_phase,slot_state,attempt_id,status,artifact_parsed,artifact_sha256,reason,force_mae_n,force_rmse_n,force_peak_n,force_error_peak_n,load_min_n,path_rms_m,path_peak_m,progress_ratio,actual_progress_m,reference_progress_m,attitude_rms_rad,attitude_peak_rad,low_load_duration_s,saturation_ticks,qp_intervention_ticks,low_load_duration_definition
SFC,0,nominal,initial,completed_feasible,SFC-00-nominal,complete,True,e51055b6e96aec95671647c044e7100567a5dafa59343afd7afa0c3adea3e3a9,,0.11188810693038811,0.2629057889373793,6.2229208470709985,1.2229208470709985,3.8430835002299393,0.005433278689033889,0.008198691423808593,0.8546370428890967,0.1624841657717423,0.1901206683277679,0.0446786495194316,0.08793386435676538,0.0,0,120,duration of true_normal_load_n < 1 N on the declared sample grid; not geometric separation or physical contact loss
SFC,0,disturbed,initial,completed_feasible,SFC-00-disturbed,complete,True,5d835eceb7996ad91e253029522b459c2a5b861d4cfb768c16fce8d6151392aa,,0.47674119664245423,0.9022303156021766,6.2229208470709985,3.575187860641054,1.4248121393589457,0.0070785307293931956,0.015526130891130373,0.8764786341118302,0.1666423723363796,0.19012713584883306,0.05534519349258227,0.10319676914783553,0.0,638,2466,duration of true_normal_load_n < 1 N on the declared sample grid; not geometric separation or physical contact loss
SFC,1,nominal,initial,completed_feasible,SFC-01-nominal,complete,True,7943dd2ae88242eede493ea94bc24ca64a81da0dd4cd7906a89416ba6cafc714,,0.09718506912345974,0.22659824758374197,6.0233649423024405,1.0233649423024405,4.039837527928946,0.005473348594427759,0.008185211806418817,0.8524582232595659,0.1620700277320371,0.19012078634460922,0.04769489488022242,0.09379383427056559,0.0,0,92,duration of true_normal_load_n < 1 N on the declared sample grid; not geometric separation or physical contact loss
SFC,1,disturbed,initial,completed_feasible,SFC-01-disturbed,complete,True,b2751ef469193cf86ddad09700ee581644b7f61c431b6c08489c8333ad37a5d9,,0.46257607184423233,0.8979199807511815,6.0233649423024405,3.6796156326815384,1.3203843673184614,0.00703748535657297,0.016551485423445284,0.8689372551318754,0.1652086684987095,0.19012727043638655,0.05210949249485563,0.09830172653931436,0.0,1121,2234,duration of true_normal_load_n < 1 N on the declared sample grid; not geometric separation or physical contact loss
SFC,2,nominal,initial,completed_nominal_infeasible,SFC-02-nominal,complete,True,e8c852ef4b5db1f396f4ca95be8504d2e7a4922937824edb7f21a91d9bf3bb68,,0.11313619255555807,0.2573780385392511,6.141665463311146,1.1416654633111456,3.9376595337646476,0.00553513037589012,0.008344490129661266,0.846943968381901,0.1610217567126245,0.19012090849440602,0.056395580436336426,0.11197244932275698,0.0,0,0,duration of true_normal_load_n < 1 N on the declared sample grid; not geometric separation or physical contact loss
SFC,2,disturbed,initial,completed_nominal_infeasible,SFC-02-disturbed,complete,True,00844745601772d8fbdbc785caf2977e353a6d0145db506c3051b9be43fee798,,0.47188810800773945,0.883626309841789,6.141665463311146,3.5118676620474734,1.4881323379525266,0.007257580489414662,0.015773980365831726,0.8627352514887834,0.16402973817977118,0.19012754827939676,0.05803578476227215,0.11197244932275698,0.0,1052,1999,duration of true_normal_load_n < 1 N on the declared sample grid; not geometric separation or physical contact loss
SFC,3,nominal,initial,completed_nominal_and_disturbed_guard_infeasible,SFC-03-nominal,complete,True,ec804e9fd8c215a886eaa8bac9a1bbf151ffd3d68a05b2c692d58aa5556c43d6,,0.13533841233280755,0.3164160487371918,6.474312841876694,1.474312841876694,3.593814506865799,0.005496731049800218,0.008334052091989008,0.8512108062179564,0.161832842312538,0.19012075637477277,0.04948083661953684,0.09760022749941707,0.0,0,204,duration of true_normal_load_n < 1 N on the declared sample grid; not geometric separation or physical contact loss
SFC,3,disturbed,initial,completed_nominal_and_disturbed_guard_infeasible,SFC-03-disturbed,complete,True,9b10e74288ab5fab023239f544679dc47c58e25a9d1653a678be6eba839efd5e,,0.5253914227694985,1.080064343023995,6.474312841876694,4.438408189313924,0.5615918106860763,0.007771413260053093,0.024065872018269305,0.8613213903985367,0.16376147959394582,0.19012819305250594,0.06596276486926417,0.13142577562342708,0.61,3123,1051,duration of true_normal_load_n < 1 N on the declared sample grid; not geometric separation or physical contact loss
SFC,4,nominal,initial,completed_nominal_infeasible,SFC-04-nominal,complete,True,863c6bf56ee4219396ca9e763cb8129d2f929ac656227c39260262d381856c0d,,0.2510874628727247,0.4583342781172829,6.806078222377252,2.1335169977224138,2.8664830022775862,0.005406090887044303,0.009000922133060488,0.8711694349034743,0.16562695435614455,0.1901202541323044,0.027011459014932057,0.05709503662226519,0.0,0,532,duration of true_normal_load_n < 1 N on the declared sample grid; not geometric separation or physical contact loss
SFC,4,disturbed,initial,completed_nominal_infeasible,SFC-04-disturbed,complete,True,7bbeeadc62fbb0c3d520258aaa4ff9b30075fc7a68170080d45099a20ffc1d4f,,0.5898314199070228,0.9647094018941155,6.806078222377252,3.3738806841186855,1.6261193158813145,0.006627346247498779,0.011436773686033044,0.8889715041611989,0.16901759613598322,0.1901271248232665,0.05564870860905356,0.11705202695154275,0.0,0,1895,duration of true_normal_load_n < 1 N on the declared sample grid; not geometric separation or physical contact loss
SFC,5,nominal,initial,completed_nominal_infeasible,SFC-05-nominal,complete,True,965fb7133bded642fe699013ba5f256d1f0fb6f5fa59234f9305f28613c7e4ed,,0.17278002991441335,0.39794157232309163,6.806009276316506,1.806009276316506,3.2625592625693334,0.005496828782913424,0.008704570103929499,0.8566540320504021,0.16286759152383684,0.19012061512628747,0.04152273098421946,0.09478212664389984,0.0,0,217,duration of true_normal_load_n < 1 N on the declared sample grid; not geometric separation or physical contact loss
SFC,5,disturbed,initial,completed_nominal_infeasible,SFC-05-disturbed,complete,True,71f68ecbed1a5df337143f34e7c2ede3533573cb51ca136f79602dfe4068e813,,0.551787781715138,1.0268533441463292,6.806009276316506,3.840663798996218,1.1593362010037824,0.0070834996679398415,0.018822842725184155,0.8766104265779981,0.1666675138499673,0.19012723188860878,0.049065171511186736,0.09478212664389984,0.0,1229,1319,duration of true_normal_load_n < 1 N on the declared sample grid; not geometric separation or physical contact loss
SFC,6,nominal,initial,completed_nominal_infeasible,SFC-06-nominal,complete,True,6a870d9d70b3f9f81892af537852266755223312952b3dc724b41e1c5d0ef8df,,0.567434078186193,0.6792996809276028,7.003982717280114,2.003982717280114,3.368063700660376,0.004905641262154749,0.007205975488784673,0.8254738748957029,0.15693982218370997,0.19012088323635806,0.012245589409508744,0.02850751564329622,0.0,0,393,duration of true_normal_load_n < 1 N on the declared sample grid; not geometric separation or physical contact loss
SFC,6,disturbed,initial,completed_nominal_infeasible,SFC-06-disturbed,complete,True,2099693f44cba134503858677b3d71f2b96f7a62679ccb2f14419352efd178cb,,0.8191229419121964,1.074760557847125,7.003982717280114,3.2648442716724424,1.7351557283275576,0.004987485724803178,0.009692188680816139,0.8600355995555831,0.16351249048688202,0.19012293278484735,0.01806132688825693,0.039953011821517656,0.0,0,393,duration of true_normal_load_n < 1 N on the declared sample grid; not geometric separation or physical contact loss
SFC,7,nominal,initial,completed_nominal_and_disturbed_guard_infeasible,SFC-07-nominal,complete,True,2bd0dafc6c3332b4ef9ce90b697a9319af53d2fa99b05821e28263ef5bd12b94,,1.3298762256712655,1.5057154988485926,7.7776761756778985,2.7915276363598474,2.2084723636401526,0.006235586343771092,0.011045338041741092,0.8530010771413349,0.16217180857654262,0.19011911347173147,0.04526006403261628,0.09111235468454507,0.0,0,3796,duration of true_normal_load_n < 1 N on the declared sample grid; not geometric separation or physical contact loss
SFC,7,disturbed,initial,completed_nominal_and_disturbed_guard_infeasible,SFC-07-disturbed,complete,True,7e0b7469b10135cbc106facd00931c1f0c8b132b06128e7ce509d54998c82cae,,1.2324837963571416,1.5331184753108797,7.7776761756778985,3.903942999409688,1.096057000590312,0.006931987232828644,0.013062933037845639,0.828133655838419,0.1574503108342992,0.19012668996635979,0.05023999760209604,0.0944314475436326,0.0,0,3310,duration of true_normal_load_n < 1 N on the declared sample grid; not geometric separation or physical contact loss
SFC,8,nominal,bayesian_ei,stopped_before_ei,,,False,,,,,,,,,,,,,,,,,,
SFC,8,disturbed,bayesian_ei,stopped_before_ei,,,False,,,,,,,,,,,,,,,,,,
SFC,9,nominal,bayesian_ei,stopped_before_ei,,,False,,,,,,,,,,,,,,,,,,
SFC,9,disturbed,bayesian_ei,stopped_before_ei,,,False,,,,,,,,,,,,,,,,,,
SFC,10,nominal,bayesian_ei,stopped_before_ei,,,False,,,,,,,,,,,,,,,,,,
SFC,10,disturbed,bayesian_ei,stopped_before_ei,,,False,,,,,,,,,,,,,,,,,,
SFC,11,nominal,bayesian_ei,stopped_before_ei,,,False,,,,,,,,,,,,,,,,,,
SFC,11,disturbed,bayesian_ei,stopped_before_ei,,,False,,,,,,,,,,,,,,,,,,
SFC,12,nominal,bayesian_ei,stopped_before_ei,,,False,,,,,,,,,,,,,,,,,,
SFC,12,disturbed,bayesian_ei,stopped_before_ei,,,False,,,,,,,,,,,,,,,,,,
SFC,13,nominal,bayesian_ei,stopped_before_ei,,,False,,,,,,,,,,,,,,,,,,
SFC,13,disturbed,bayesian_ei,stopped_before_ei,,,False,,,,,,,,,,,,,,,,,,
SFC,14,nominal,bayesian_ei,stopped_before_ei,,,False,,,,,,,,,,,,,,,,,,
SFC,14,disturbed,bayesian_ei,stopped_before_ei,,,False,,,,,,,,,,,,,,,,,,
SFC,15,nominal,bayesian_ei,stopped_before_ei,,,False,,,,,,,,,,,,,,,,,,
SFC,15,disturbed,bayesian_ei,stopped_before_ei,,,False,,,,,,,,,,,,,,,,,,
SFC,16,nominal,bayesian_ei,stopped_before_ei,,,False,,,,,,,,,,,,,,,,,,
SFC,16,disturbed,bayesian_ei,stopped_before_ei,,,False,,,,,,,,,,,,,,,,,,
SFC,17,nominal,bayesian_ei,stopped_before_ei,,,False,,,,,,,,,,,,,,,,,,
SFC,17,disturbed,bayesian_ei,stopped_before_ei,,,False,,,,,,,,,,,,,,,,,,
SFC,18,nominal,bayesian_ei,stopped_before_ei,,,False,,,,,,,,,,,,,,,,,,
SFC,18,disturbed,bayesian_ei,stopped_before_ei,,,False,,,,,,,,,,,,,,,,,,
SFC,19,nominal,bayesian_ei,stopped_before_ei,,,False,,,,,,,,,,,,,,,,,,
SFC,19,disturbed,bayesian_ei,stopped_before_ei,,,False,,,,,,,,,,,,,,,,,,
SFC,20,nominal,repeat_incumbent,stopped_before_ei,,,False,,,,,,,,,,,,,,,,,,
SFC,20,disturbed,repeat_incumbent,stopped_before_ei,,,False,,,,,,,,,,,,,,,,,,
SFC,21,nominal,repeat_incumbent,stopped_before_ei,,,False,,,,,,,,,,,,,,,,,,
SFC,21,disturbed,repeat_incumbent,stopped_before_ei,,,False,,,,,,,,,,,,,,,,,,
SFC,22,nominal,repeat_incumbent,stopped_before_ei,,,False,,,,,,,,,,,,,,,,,,
SFC,22,disturbed,repeat_incumbent,stopped_before_ei,,,False,,,,,,,,,,,,,,,,,,
SFC,23,nominal,repeat_incumbent,stopped_before_ei,,,False,,,,,,,,,,,,,,,,,,
SFC,23,disturbed,repeat_incumbent,stopped_before_ei,,,False,,,,,,,,,,,,,,,,,,
DSFC,0,nominal,initial,completed_feasible,DSFC-00-nominal,complete,True,e2c99ad28124832160b936b4334786440a81da031668e129fef0d883206ddd30,,0.07527003873112191,0.17941693969963823,6.059742532074173,1.0597425320741731,4.203773374978011,0.005220403371608704,0.007966665608094461,0.8768818180569369,0.16671300059752964,0.19012026155012007,0.018199933302152072,0.03763670920722913,0.0,0,44,duration of true_normal_load_n < 1 N on the declared sample grid; not geometric separation or physical contact loss
DSFC,0,disturbed,initial,completed_feasible,DSFC-00-disturbed,complete,True,80390b0948e4e4a5ec6e7005ad07de9dced9db78223e8e07b6509edb9ea6084e,,0.4467751729175687,0.8286849980442815,6.059742532074173,3.082480454956901,1.9175195450430993,0.006427730487016917,0.013722203528058087,0.8940443716520181,0.16998120582904386,0.1901261405124133,0.05203510081368613,0.1561816853670266,0.0,0,4154,duration of true_normal_load_n < 1 N on the declared sample grid; not geometric separation or physical contact loss
DSFC,1,nominal,initial,completed_feasible,DSFC-01-nominal,complete,True,31145a4dc39339177fc6981d19c5b0f62fb5d3daa2b1fbfe14e8820ce66a340b,,0.07148544211264947,0.1731847369265395,5.886298765527051,0.8862987655270507,4.271373160201399,0.0052188688454084834,0.00783436805810787,0.8750531086196801,0.1663653700641824,0.19012031204209906,0.020286003562893343,0.03696253797042048,0.0,0,82,duration of true_normal_load_n < 1 N on the declared sample grid; not geometric separation or physical contact loss
DSFC,1,disturbed,initial,completed_feasible,DSFC-01-disturbed,complete,True,ddae9fdc48084c2ee3c74a91099134f610a04aef739023398cf2023c05038ac3,,0.44449565553265974,0.8304375423925799,5.886298765527051,3.0347786696567463,1.9652213303432535,0.006486968402664049,0.014604131686663404,0.886158806622667,0.16848202501108056,0.190126220889459,0.0522204128800451,0.15517010060269817,0.0,579,4994,duration of true_normal_load_n < 1 N on the declared sample grid; not geometric separation or physical contact loss
DSFC,2,nominal,initial,completed_feasible,DSFC-02-nominal,complete,True,681213de0e2ae22ba75ed97ee953d4a2915aab0ddfea796a7e71101d40ebdde2,,0.060147431805473835,0.1491752201534267,5.716996111008771,0.7786845689614967,4.221315431038503,0.005215761908083787,0.007463391041626721,0.8735073591739986,0.16607151849501003,0.19012034272046627,0.022554950936157583,0.04162173085607919,0.0,0,0,duration of true_normal_load_n < 1 N on the declared sample grid; not geometric separation or physical contact loss
DSFC,2,disturbed,initial,completed_feasible,DSFC-02-disturbed,complete,True,f9565bc3c7e790a727e25bef62da49350b8c1796990e6467039b7a7d457d5eb5,,0.4312227285039504,0.8173568421627706,5.716996111008771,2.7363392533303528,2.2636607466696472,0.006356078416555873,0.013646222623353734,0.8827789513125344,0.16783937065716031,0.1901261583181307,0.05027800833540363,0.15130795443999878,0.0,367,5090,duration of true_normal_load_n < 1 N on the declared sample grid; not geometric separation or physical contact loss
DSFC,3,nominal,initial,completed_nominal_infeasible,DSFC-03-nominal,complete,True,6caf014f2f5b54bc9ccbd02a9c762b0c3c7b34f178f5d5d6df05d1ef412275fc,,0.12566956951139982,0.29561145411550577,6.4436914822985285,1.4436914822985285,3.729344866796209,0.005466874657774124,0.008265217452374823,0.8521951516701318,0.16201997114819325,0.19012073799137036,0.047078831197096965,0.092721114012592,0.0,0,155,duration of true_normal_load_n < 1 N on the declared sample grid; not geometric separation or physical contact loss
DSFC,3,disturbed,initial,completed_nominal_infeasible,DSFC-03-disturbed,complete,True,547db5e177ad9ea9a2ca82184f506c2190bf54a4d2a0b953710a9101af847823,,0.5029218822548621,1.0056818592607744,6.4436914822985285,3.911522442461579,1.0884775575384211,0.007699578598865492,0.02385292299330947,0.8652395252622735,0.16450601327888853,0.1901277143216765,0.06350511149539273,0.12741556003836874,0.0,2113,1023,duration of true_normal_load_n < 1 N on the declared sample grid; not geometric separation or physical contact loss
DSFC,4,nominal,initial,completed_nominal_infeasible,DSFC-04-nominal,complete,True,8d130644c2c0b9c1d579593a03faa7152f59c7bec3f8efa59b2af093523f38ef,,0.12676009552772685,0.29693742280048174,6.539447662192978,2.0425134563612852,2.9574865436387148,0.0052370192313916245,0.00774215444637218,0.8713493986554545,0.1656611017831724,0.19012017686452487,0.016251369892740314,0.03830240126526501,0.0,0,248,duration of true_normal_load_n < 1 N on the declared sample grid; not geometric separation or physical contact loss
DSFC,4,disturbed,initial,completed_nominal_infeasible,DSFC-04-disturbed,complete,True,4a00a855d3f6754c5fc6ba46148bc6930dcca2043b974df069c3128af315c7a2,,0.49366570638214696,0.8528618800790148,6.539447662192978,3.0960416147650296,1.9039583852349702,0.006567236734163667,0.01207788903084342,0.8894295931410348,0.16910477976046095,0.1901272243070581,0.04835479344825716,0.11315415927489561,0.0,0,248,duration of true_normal_load_n < 1 N on the declared sample grid; not geometric separation or physical contact loss
DSFC,5,nominal,initial,completed_nominal_infeasible,DSFC-05-nominal,complete,True,b2bc36f4560f70277bb1d5a94b2cbf1a9baca2aaa86ec8d75a31325a499fd201,,0.14686579325623492,0.3467189094420534,6.6931823557521435,1.7066331473404213,3.2933668526595787,0.005440926261733109,0.008579338885784679,0.8553672203843645,0.16262300798321758,0.1901206921515439,0.04316160133526774,0.08443363306140265,0.0,0,151,duration of true_normal_load_n < 1 N on the declared sample grid; not geometric separation or physical contact loss
DSFC,5,disturbed,initial,completed_nominal_infeasible,DSFC-05-disturbed,complete,True,9a97697d39d8acb0ab778f16a18feea8df17669b3433f4a4ddbeacf7fd0f38e0,,0.5171496453564689,0.9225652691277837,6.6931823557521435,3.406240654147852,1.5937593458521484,0.007215944820889832,0.01776733511797493,0.877228027502501,0.16678465272879414,0.190126908283626,0.06134995366854207,0.13501895423260754,0.0,1173,3732,duration of true_normal_load_n < 1 N on the declared sample grid; not geometric separation or physical contact loss
DSFC,6,nominal,initial,completed_nominal_infeasible,DSFC-06-nominal,complete,True,32e6bafa68135c0aa0a713216703532ac0d547451389560f34cfc6a314fc7f16,,0.13545838360257198,0.3217956004500729,6.9758156849792545,1.9758156849792545,3.7318302875163982,0.004506212869752748,0.006512910583641503,0.8334828145679664,0.1584629454815726,0.1901214310743905,0.012009155407511372,0.024660802538610884,0.0,0,0,duration of true_normal_load_n < 1 N on the declared sample grid; not geometric separation or physical contact loss
DSFC,6,disturbed,initial,completed_nominal_infeasible,DSFC-06-disturbed,complete,True,da4abffe206386336d09baddcb3410e90879b0d3d2f144e9bdec8c9cd2944e0e,,0.49647850095773305,0.880836375934805,6.9758156849792545,3.183806704166355,1.816193295833645,0.00482238782560032,0.009608753528922584,0.8756191765149465,0.16647554513193644,0.19012322890703018,0.01683066856243482,0.03592735732004464,0.0,0,0,duration of true_normal_load_n < 1 N on the declared sample grid; not geometric separation or physical contact loss
DSFC,7,nominal,initial,completed_nominal_and_disturbed_guard_infeasible,DSFC-07-nominal,complete,True,1bdffc9dfc6a9218c3f6f7c6e4a733e83acd57243d36aab27f8a8a41868777a8,,0.7852395897427239,0.9594907939446768,7.513459612475573,2.5134596124755726,2.621487601779658,0.005878883958107587,0.010106540729844456,0.855667864740343,0.1626787585716818,0.19011904650766281,0.028409869706908508,0.05664829971752819,0.0,0,2099,duration of true_normal_load_n < 1 N on the declared sample grid; not geometric separation or physical contact loss
DSFC,7,disturbed,initial,completed_nominal_and_disturbed_guard_infeasible,DSFC-07-disturbed,complete,True,a7ff573fb23c3ea6c4fb954d64b301f64057916009488e28ca6b440f3449fe0f,,0.7693876430599966,1.1462323937328693,7.513459612475573,3.312666625218795,1.6873333747812047,0.006989239070708478,0.012991536426217004,0.8179082473788628,0.1555071172830605,0.19012782641746384,0.05072542181538209,0.08184931541149583,0.0,0,2099,duration of true_normal_load_n < 1 N on the declared sample grid; not geometric separation or physical contact loss
DSFC,8,nominal,bayesian_ei,completed_feasible,DSFC-08-nominal,complete,True,1104d5c90c3f46cd0d4e290c33f1494d5316db3a65982e3b8a6291015f37d168,,0.08359195466144587,0.20628946674842177,6.032611596816165,1.0326115968161647,4.014945126086592,0.005283292032575636,0.007306557996610586,0.8628061619258621,0.16403718748635676,0.19012055630225308,0.03659385102810199,0.0727362428389644,0.0,0,0,duration of true_normal_load_n < 1 N on the declared sample grid; not geometric separation or physical contact loss
DSFC,8,disturbed,bayesian_ei,completed_feasible,DSFC-08-disturbed,complete,True,762ea4d7363df69fb8fd010c8990e4f0b542608ad62c26aba864da42a4b8edd5,,0.45212597428451073,0.8253784711956594,6.032611596816165,2.6460550012205513,2.3539449987794487,0.006650134906497864,0.014565426261235088,0.8716805576440889,0.16572953045252864,0.19012645056630567,0.054827073075231464,0.14338170897241503,0.0,529,5169,duration of true_normal_load_n < 1 N on the declared sample grid; not geometric separation or physical contact loss
DSFC,9,nominal,bayesian_ei,completed_nominal_infeasible,DSFC-09-nominal,complete,True,fcda63440634174b815cdb7059356904251c00a2dc22ef3daf0f95a446014f97,,1.3731064972491485,1.638820759536976,9.718595923414545,4.718595923414545,2.093609883580144,0.010946308862392144,0.026286348456544918,0.8988066977676038,0.17087169568877528,0.19010950420504766,0.2250653825283018,0.3896170502268254,0.0,19024,2,duration of true_normal_load_n < 1 N on the declared sample grid; not geometric separation or physical contact loss
DSFC,9,disturbed,bayesian_ei,completed_nominal_infeasible,DSFC-09-disturbed,complete,True,26ea727798c9acb15f7c93e7b0cacaa7ac22e52feae22f9bfe8d549318e19c42,,0.6837443522992563,1.1402921752090056,7.247737565323925,3.791703735505637,1.208296264494363,0.00841970808539009,0.01861404155756191,0.8636567602742937,0.1642061885758498,0.19012899120212826,0.09480055465810647,0.21820952616224118,0.0,7533,1358,duration of true_normal_load_n < 1 N on the declared sample grid; not geometric separation or physical contact loss
DSFC,10,nominal,bayesian_ei,completed_nominal_infeasible,DSFC-10-nominal,complete,True,b7062ce9376a5c9f20d36c47342c738d1606d3e64ba56c2cecd6891a5f064006,,0.13143659753807665,0.29831004505355124,6.313318685213937,1.313318685213937,3.7820142624209665,0.005555270083233741,0.008512165841509739,0.8504251143481791,0.1616834465231126,0.19012073349578493,0.04959300355083147,0.12167463462587444,0.0,0,0,duration of true_normal_load_n < 1 N on the declared sample grid; not geometric separation or physical contact loss
DSFC,10,disturbed,bayesian_ei,completed_nominal_infeasible,DSFC-10-disturbed,complete,True,93f074ab66d99decae5d681dcdff887a14c8878eacb75cdd0fac6699de84c741,,0.49934663861790685,0.8638427883112489,6.313318685213937,2.766830841122231,2.233169158877769,0.007085633572363683,0.016727317032999033,0.8645224528977895,0.16436893354030815,0.19012685325795825,0.06296647484495212,0.13283282641949912,0.0,979,4139,duration of true_normal_load_n < 1 N on the declared sample grid; not geometric separation or physical contact loss
DSFC,11,nominal,bayesian_ei,completed_nominal_infeasible,DSFC-11-nominal,complete,True,5c3a7ae296ccd930f1a6abedddd48deda0113e127f0c449eda87462330c908fd,,0.22627864631534755,0.4147430902936881,6.567976633895838,1.5679766338958379,3.5574859856989955,0.005694785963868539,0.009043621087708769,0.8528304176857984,0.16214085821654034,0.19012086676800102,0.063549524042709,0.14662961211382328,0.0,41,0,duration of true_normal_load_n < 1 N on the declared sample grid; not geometric separation or physical contact loss
DSFC,11,disturbed,bayesian_ei,completed_nominal_infeasible,DSFC-11-disturbed,complete,True,1920bcc364418b703f808fcb0d8caaa9de257b5534dbe5db57e0e41cdb713f5d,,0.5608934345185448,0.9153798860926442,6.567976633895838,2.837950638935684,2.162049361064316,0.007356165094079882,0.017561072004612117,0.8685410600547828,0.16513333102521363,0.19012725894017943,0.07177266653237771,0.14662961211382328,0.0,1286,3849,duration of true_normal_load_n < 1 N on the declared sample grid; not geometric separation or physical contact loss
DSFC,12,nominal,bayesian_ei,completed_nominal_and_disturbed_guard_infeasible,DSFC-12-nominal,complete,True,273bdc6fad3380b6bb547f346559c115aaf0fa2c7d75c7a02d9c556fc9cffa6b,,1.5846948742048341,1.9143578306162972,11.051599135935465,6.051599135935465,1.4267880945187752,0.012432507018611599,0.03125960915965723,0.8908615381166753,0.16935847698893178,0.19010639672127258,0.2546375427936872,0.46533483452318447,0.0,21280,24,duration of true_normal_load_n < 1 N on the declared sample grid; not geometric separation or physical contact loss
DSFC,12,disturbed,bayesian_ei,completed_nominal_and_disturbed_guard_infeasible,DSFC-12-disturbed,complete,True,7dc89d0e86bdcae90a443724812c639759c79d01a180af8e08bbf93e0ba5e940,,0.7698732460506528,1.2730260133714213,7.519400097461833,5.0,0.0,0.008653548679413295,0.01916181452751338,0.8618148507540581,0.16385599162937262,0.1901289952081985,0.10527548003882747,0.2406665386024911,0.788,9212,2522,duration of true_normal_load_n < 1 N on the declared sample grid; not geometric separation or physical contact loss
DSFC,13,nominal,bayesian_ei,completed_feasible,DSFC-13-nominal,complete,True,88232d4da28090db8242c367ca20a7e0b39461453ac17f002acea8025a1a33cc,,0.08970084489186264,0.21353973412087154,5.971688412273562,0.9716884122735623,4.094871301516196,0.0053909366510351085,0.00784375871338102,0.8567606261613181,0.1628879259575234,0.1901206953070851,0.042076151130567986,0.08293816853390766,0.0,0,17,duration of true_normal_load_n < 1 N on the declared sample grid; not geometric separation or physical contact loss
DSFC,13,disturbed,bayesian_ei,completed_feasible,DSFC-13-disturbed,complete,True,345273ae63b049edc7b9b44119c774305c25294e60581d321b3cb63067bb7d04,,0.45635638459165573,0.8496019063258642,5.971688412273562,3.0054500902758794,1.9945499097241206,0.007096612995376163,0.01740688348526491,0.8765821937621459,0.16666195211684118,0.19012701068174295,0.05719180020608065,0.1189928790607379,0.0,1091,2886,duration of true_normal_load_n < 1 N on the declared sample grid; not geometric separation or physical contact loss
DSFC,14,nominal,bayesian_ei,completed_nominal_infeasible,DSFC-14-nominal,complete,True,f843b7ab0ad36f7f67a67257d4e80ed5c1a36d0b6101026c8bf441c663252a54,,0.12182921069785121,0.2789705893456677,6.271310668345878,1.271310668345878,3.8101316093740034,0.005497071353260702,0.00822527752740051,0.854130189221651,0.16238781670134214,0.19012068505542742,0.04634041305235155,0.11374010355572062,0.0,0,0,duration of true_normal_load_n < 1 N on the declared sample grid; not geometric separation or physical contact loss
DSFC,14,disturbed,bayesian_ei,completed_nominal_infeasible,DSFC-14-disturbed,complete,True,973ca930ea539f2bcbcf7e5fc99ab5d735f36f751a4a240d3fc9c891a9bcfab1,,0.4912989515979567,0.8485720565610331,6.271310668345878,2.623869727292123,2.376130272707877,0.006882938268104079,0.015355634840451559,0.861713208989788,0.16383459758951732,0.19012659418507172,0.06181278102867333,0.14125433186502728,0.0,696,5201,duration of true_normal_load_n < 1 N on the declared sample grid; not geometric separation or physical contact loss
DSFC,15,nominal,bayesian_ei,completed_nominal_and_disturbed_guard_infeasible,DSFC-15-nominal,complete,True,c80c931ea7baf87a5b181485706135577d2b02284a7832c5e144ab027537c3e9,,1.8851062010769555,2.2969733885466823,13.113321669592787,8.113321669592787,0.2911415549624972,0.017275037085264795,0.045104551899421835,0.8455593157429235,0.16073556744123893,0.19009378106137212,0.337385919016417,0.6309870713971486,0.8160000000000001,24326,577,duration of true_normal_load_n < 1 N on the declared sample grid; not geometric separation or physical contact loss
DSFC,15,disturbed,bayesian_ei,completed_nominal_and_disturbed_guard_infeasible,DSFC-15-disturbed,complete,True,6109d6ca3d7bdc3ffe4a5a885ad5b2737cbf5f9da1fbefc93674c66dc37a663e,,1.7695383888426168,2.1844139732442382,12.001808464756465,7.001808464756465,0.0,0.015412908895726945,0.036707482963279005,0.8523134132621686,0.16203308566195945,0.19010974500775416,0.26950299716553267,0.5467661321513961,2.09,23939,3413,duration of true_normal_load_n < 1 N on the declared sample grid; not geometric separation or physical contact loss
DSFC,16,nominal,bayesian_ei,incomplete_running_or_pending,DSFC-16-nominal,complete,True,a7242e0bd3df462964f3b5f82ceb1e5316fd0e3dd566bdab6f299f53d58b5959,,1.297077712654031,1.5453109551178439,9.45867904345479,4.45867904345479,2.2155393511644643,0.010307801142710816,0.02507462134965246,0.8993132210836837,0.17096905683564376,0.19011068983243,0.21087661110645534,0.3694013113409891,0.0,17569,0,duration of true_normal_load_n < 1 N on the declared sample grid; not geometric separation or physical contact loss
DSFC,16,disturbed,bayesian_ei,incomplete_running_or_pending,DSFC-16-disturbed,running,False,,,,,,,,,,,,,,,,,,
DSFC,17,nominal,bayesian_ei,not_run,,,False,,,,,,,,,,,,,,,,,,
DSFC,17,disturbed,bayesian_ei,not_run,,,False,,,,,,,,,,,,,,,,,,
DSFC,18,nominal,bayesian_ei,not_run,,,False,,,,,,,,,,,,,,,,,,
DSFC,18,disturbed,bayesian_ei,not_run,,,False,,,,,,,,,,,,,,,,,,
DSFC,19,nominal,bayesian_ei,not_run,,,False,,,,,,,,,,,,,,,,,,
DSFC,19,disturbed,bayesian_ei,not_run,,,False,,,,,,,,,,,,,,,,,,
DSFC,20,nominal,repeat_incumbent,not_run,,,False,,,,,,,,,,,,,,,,,,
DSFC,20,disturbed,repeat_incumbent,not_run,,,False,,,,,,,,,,,,,,,,,,
DSFC,21,nominal,repeat_incumbent,not_run,,,False,,,,,,,,,,,,,,,,,,
DSFC,21,disturbed,repeat_incumbent,not_run,,,False,,,,,,,,,,,,,,,,,,
DSFC,22,nominal,repeat_incumbent,not_run,,,False,,,,,,,,,,,,,,,,,,
DSFC,22,disturbed,repeat_incumbent,not_run,,,False,,,,,,,,,,,,,,,,,,
DSFC,23,nominal,repeat_incumbent,not_run,,,False,,,,,,,,,,,,,,,,,,
DSFC,23,disturbed,repeat_incumbent,not_run,,,False,,,,,,,,,,,,,,,,,,
MSFC,0,nominal,initial,completed_feasible,MSFC-00-nominal,complete,True,74d541d3674b10b4006b4e82606cef07516a13525e853455f8fb626101f7587c,,0.07679269940629867,0.18311564848357753,6.072974608708175,1.0729746087081748,4.185973499485057,0.005220504172400269,0.007970575594991352,0.8765636486096647,0.1666525145371374,0.19012026656759987,0.018493545633586288,0.03778703242139093,0.0,0,45,duration of true_normal_load_n < 1 N on the declared sample grid; not geometric separation or physical contact loss
MSFC,0,disturbed,initial,completed_feasible,MSFC-00-disturbed,complete,True,b323f738dd3bf67f28a0829bead3c846d971f64b6ac5688e0e89679a22c5191a,,0.44796350936774537,0.8311337182978308,6.072974608708175,3.1005691499062857,1.8994308500937143,0.006423416401111193,0.013713094034080543,0.8939720435823436,0.16996743399005942,0.19012611771276688,0.05167642332969033,0.15549920576889487,0.0,275,4416,duration of true_normal_load_n < 1 N on the declared sample grid; not geometric separation or physical contact loss
MSFC,1,nominal,initial,completed_feasible,MSFC-01-nominal,complete,True,03bbe1d2123d095ed4def2d0778f065890bbac063b811b86bfb0253ac3f5925b,,0.07201019950739586,0.17448100978826775,5.892614256409829,0.8926142564098294,4.266685478776627,0.005218855337696128,0.0078358209707393,0.8749717274120868,0.16634989900258412,0.1901203133666947,0.020364847148215764,0.03700039264087504,0.0,0,85,duration of true_normal_load_n < 1 N on the declared sample grid; not geometric separation or physical contact loss
MSFC,1,disturbed,initial,completed_feasible,MSFC-01-disturbed,complete,True,103386ceb9fa72414c4b3e724be06b24b7131ba4a7af1b03f31621aba4f741a7,,0.44483325346097535,0.8321772773242408,5.892614256409829,3.043460448424172,1.956539551575828,0.006496374309824224,0.01472868819907621,0.8864545025343473,0.16853825029186612,0.1901262273585618,0.05230645610018082,0.15522920778229704,0.0,644,4967,duration of true_normal_load_n < 1 N on the declared sample grid; not geometric separation or physical contact loss
MSFC,2,nominal,initial,completed_feasible,MSFC-02-nominal,complete,True,a16f00120e4956ad1c883e897174c5a88d81fe228b32ce2eed27c83f75203ef2,,0.0608973258008069,0.15105017987453878,5.72553015436953,0.7877716187459054,4.212228381254095,0.005216500366643571,0.007465372489696361,0.873291810617147,0.16603054232176398,0.1901203472919685,0.02279958835882959,0.042193395997735056,0.0,0,0,duration of true_normal_load_n < 1 N on the declared sample grid; not geometric separation or physical contact loss
MSFC,2,disturbed,initial,completed_feasible,MSFC-02-disturbed,complete,True,62a4e263f0205ee206d4dc9776a50ebb8e218e759ac063c578db3c4482bf9495,,0.4319520237826762,0.818009041664127,5.72553015436953,2.7469816968455247,2.2530183031544753,0.006360166951222105,0.013738355900838176,0.8826840215047375,0.1678213142349037,0.19012614950117004,0.050550336006106325,0.1518700395818797,0.0,469,5109,duration of true_normal_load_n < 1 N on the declared sample grid; not geometric separation or physical contact loss
MSFC,3,nominal,initial,completed_nominal_infeasible,MSFC-03-nominal,complete,True,0d459958dc4d48deab07971b61e22f2db23a1f7f6f8f6ab525a719abaa331e25,,0.12570481399611355,0.29565765028214963,6.443780650133773,1.4437806501337729,3.7291293931564495,0.005466543734404649,0.008265271968469374,0.8521961592415797,0.16202016355735444,0.19012073898754234,0.047090493102011216,0.0927270120248978,0.0,0,155,duration of true_normal_load_n < 1 N on the declared sample grid; not geometric separation or physical contact loss
MSFC,3,disturbed,initial,completed_nominal_infeasible,MSFC-03-disturbed,complete,True,224cd7bd897ffa657a80de1f5007b41c0cb0314f3307eb190f9f295d1680705b,,0.5030685184835889,1.0052006658580412,6.443780650133773,3.9111683718270367,1.088831628172963,0.007712635816162791,0.023903845159073206,0.8650614940646373,0.16447216111455454,0.19012771027612657,0.06403766714823364,0.12917630645775044,0.0,2134,1023,duration of true_normal_load_n < 1 N on the declared sample grid; not geometric separation or physical contact loss
MSFC,4,nominal,initial,completed_nominal_infeasible,MSFC-04-nominal,complete,True,6a3e93a848cbb46636673b57f183908e6e2be53f3ee5103948bf0672ab0fdc5b,,0.13706222177104851,0.3213564106524708,6.695593668382103,2.1465701203192786,2.8534298796807214,0.005255004721686169,0.007976280437204336,0.8702139222856352,0.1654452706074158,0.19012022948664198,0.017578559186705492,0.04189422282375029,0.0,0,306,duration of true_normal_load_n < 1 N on the declared sample grid; not geometric separation or physical contact loss
MSFC,4,disturbed,initial,completed_nominal_infeasible,MSFC-04-disturbed,complete,True,380f5e4d62747038f37cc36b72773c53b9d055b3ef5f320bbac88ce11a1d992b,,0.5032639187764293,0.8629843488271466,6.695593668382103,3.167722968918736,1.8322770310812644,0.0064666753485446895,0.012063526764098017,0.8890783528191102,0.16903786450793876,0.19012707257121894,0.04859030957835234,0.10872018073688634,0.0,0,1609,duration of true_normal_load_n < 1 N on the declared sample grid; not geometric separation or physical contact loss
MSFC,5,nominal,initial,completed_nominal_infeasible,MSFC-05-nominal,complete,True,ef4e6ccb400aec22217ab68ba15a1f63f473d0091e4af7a985a4a120af2cc94d,,0.1471244146999262,0.34730397295499144,6.698040666857737,1.70928224665162,3.29071775334838,0.005442017256649604,0.008583560926880797,0.8552979377749519,0.16260983798593445,0.19012069456049682,0.04325882336209715,0.08463257035943075,0.0,0,156,duration of true_normal_load_n < 1 N on the declared sample grid; not geometric separation or physical contact loss
MSFC,5,disturbed,initial,completed_nominal_infeasible,MSFC-05-disturbed,complete,True,09782ba2dea47a957e7017b675bf70e3fd10d1e9a6319290065907388339b691,,0.5171845972890059,0.9332753369209742,6.698040666857737,3.503098827474676,1.4969011725253238,0.007284013937111276,0.018017347382166284,0.8771502396064944,0.1667700053681658,0.1901270704126831,0.060731414603409355,0.12439366282879594,0.0,1061,3298,duration of true_normal_load_n < 1 N on the declared sample grid; not geometric separation or physical contact loss
MSFC,6,nominal,initial,completed_nominal_infeasible,MSFC-06-nominal,complete,True,a6d68bc64536496e83073a482a794ed7dc2fb3106f79252c92be4485bd4bf25c,,0.1663765549361389,0.3770169303927379,7.070464840932684,2.070464840932684,3.555319649384367,0.004575522753718935,0.006524391644030795,0.8316914138153187,0.15812248966692038,0.1901215848093777,0.012743064843863955,0.024908158002610446,0.0,0,180,duration of true_normal_load_n < 1 N on the declared sample grid; not geometric separation or physical contact loss
MSFC,6,disturbed,initial,completed_nominal_infeasible,MSFC-06-disturbed,complete,True,2ea59fe9d72a0cc1e8665c9c6da1f8e7c891509802b4a5a62109fbd7111b5d2a,,0.5264744117221984,0.9041861941399436,7.070464840932684,3.289384917639395,1.7106150823606052,0.00492934964330821,0.009802333079356528,0.8706124411154301,0.16552413418107292,0.1901237868471109,0.01810594548281981,0.03808845821095322,0.0,0,180,duration of true_normal_load_n < 1 N on the declared sample grid; not geometric separation or physical contact loss
MSFC,7,nominal,initial,completed_nominal_and_disturbed_guard_infeasible,MSFC-07-nominal,complete,True,7287ac24c47b52329deae08d1aa1e7e71994e5be4065aeaab92ea8f7ab8e9e90,,0.8715908827603798,1.0601415522340343,7.5815001028182785,2.59646275146995,2.40353724853005,0.005944996417209174,0.010486477965524488,0.8527148179754833,0.1621174159995307,0.19011914954689083,0.03055368183448462,0.05470467990144813,0.0,0,2303,duration of true_normal_load_n < 1 N on the declared sample grid; not geometric separation or physical contact loss
MSFC,7,disturbed,initial,completed_nominal_and_disturbed_guard_infeasible,MSFC-07-disturbed,complete,True,ad5c07a2705474d680506eb312b8a3c06a81cfd21d203859d02cf5d3872acdf8,,0.8264103253355044,1.2234065724894414,7.5815001028182785,3.514227677238507,1.4857723227614932,0.007023881802634192,0.012995211131604609,0.8120447821907739,0.15439242130939074,0.1901279642396856,0.051809490683707805,0.08194471190876675,0.0,0,2647,duration of true_normal_load_n < 1 N on the declared sample grid; not geometric separation or physical contact loss
MSFC,8,nominal,bayesian_ei,completed_feasible,MSFC-08-nominal,complete,True,d14fa0c3a49102f17d8229eb0bd718061475994271edd8eda820b0f5f20ff358,,0.08447678313169336,0.20835482695030705,6.041583384718819,1.0415833847188187,4.00639289033627,0.005285803050269684,0.007311803105832699,0.8625465954563036,0.16398784365639904,0.19012056220527582,0.03692753956616071,0.07343015379185255,0.0,0,0,duration of true_normal_load_n < 1 N on the declared sample grid; not geometric separation or physical contact loss
MSFC,8,disturbed,bayesian_ei,completed_feasible,MSFC-08-disturbed,complete,True,550fee4a62630ac3a2b4508789042d40b696879ff097446f90252585be7ed62d,,0.45289733695714696,0.8258977390856337,6.041583384718819,2.6512405653971096,2.3487594346028904,0.006657891169148111,0.014682752293171735,0.8715729622854386,0.16570907365831383,0.19012645048532886,0.055056748281677656,0.1435237094351089,0.0,594,5171,duration of true_normal_load_n < 1 N on the declared sample grid; not geometric separation or physical contact loss
MSFC,9,nominal,bayesian_ei,completed_nominal_and_disturbed_guard_infeasible,MSFC-09-nominal,complete,True,31e4e7d5455df2958e3e5a6c7ae6ae6f890e2e646b6de275531655a387b609e4,,1.3876086637062204,1.6589215644921567,9.866277351670313,4.866277351670313,2.0506815945289656,0.011045083168421673,0.02673464574382277,0.8964508148532162,0.1704236191941057,0.1901092802531622,0.22712180129971649,0.39431594335798187,0.0,19243,3,duration of true_normal_load_n < 1 N on the declared sample grid; not geometric separation or physical contact loss
MSFC,9,disturbed,bayesian_ei,completed_nominal_and_disturbed_guard_infeasible,MSFC-09-disturbed,complete,True,40ef5dea311a28cbdd7909e35c463f4a165d26d5c204df4c38b8fd02f650d63c,,0.6957215223844371,1.160645587970498,7.258586043666718,4.191900466650892,0.8080995333491083,0.008473019831406242,0.019106005144494904,0.8637955767711297,0.16423257585189718,0.19012898452872265,0.09595133707909237,0.2194878471660998,0.056,7705,1190,duration of true_normal_load_n < 1 N on the declared sample grid; not geometric separation or physical contact loss
MSFC,10,nominal,bayesian_ei,completed_feasible,MSFC-10-nominal,complete,True,663ddbfab1ebfe587622cc3697895688486645e8d7966724f65057ba9df12b68,,0.0775468135140887,0.1892542062424351,5.888836075905489,0.8888360759054894,4.168583171436489,0.0052438610126028596,0.007915288680882102,0.8722007775459029,0.16582315499313358,0.19012039344852166,0.024151063628742656,0.044324837910447404,0.0,0,57,duration of true_normal_load_n < 1 N on the declared sample grid; not geometric separation or physical contact loss
MSFC,10,disturbed,bayesian_ei,completed_feasible,MSFC-10-disturbed,complete,True,7f7b9e7f472af3766003aef2153766e2ffefd035cc5e1e7c7e82498d057f5310,,0.45052603025523547,0.8369768426089678,5.888836075905489,3.0230332047844852,1.976966795215515,0.006589733610855552,0.015443309591096237,0.8829899132962887,0.16787963165505618,0.19012633001473925,0.053130334269181144,0.15140162953788908,0.0,773,4979,duration of true_normal_load_n < 1 N on the declared sample grid; not geometric separation or physical contact loss
MSFC,11,nominal,bayesian_ei,completed_feasible,MSFC-11-nominal,complete,True,4dc5063433384a585bd09a1d7af563f70a025d1fdde871086c4d7fa2b1a0b2f8,,0.04917025071528921,0.12424546052670345,6.048956890224675,1.194931870963655,3.805068129036345,0.00521678822099574,0.00758004051875993,0.8828794372446312,0.1678531124168668,0.19012008359908997,0.013093430259366497,0.037381679498870404,0.0,0,5,duration of true_normal_load_n < 1 N on the declared sample grid; not geometric separation or physical contact loss
MSFC,11,disturbed,bayesian_ei,completed_feasible,MSFC-11-disturbed,complete,True,1f86dbb83dc1a53239ce2592f6827fa96f359fd4887e1ffb44ed5855e2fc6e9d,,0.4158772341819673,0.8025431312688003,6.048956890224675,2.806456622617216,2.193543377382784,0.006249527357073306,0.011883456465972869,0.9035598790394178,0.1717906680714911,0.1901264897398092,0.04584819677814241,0.11863566232934683,0.0,0,1778,duration of true_normal_load_n < 1 N on the declared sample grid; not geometric separation or physical contact loss
MSFC,12,nominal,bayesian_ei,completed_nominal_and_disturbed_guard_infeasible,MSFC-12-nominal,complete,True,3ab4914d6d2b60db8dfb8577519d52fcc89f340809f6c904a6ef4a6e45453f55,,1.3185153868888644,1.5755640775697237,9.589668175808198,4.589668175808198,2.1694085000109813,0.010395520722289569,0.02519140734316546,0.8995991623557145,0.17102322014272062,0.1901104706399177,0.21280495718563255,0.37320139076875236,0.0,17791,0,duration of true_normal_load_n < 1 N on the declared sample grid; not geometric separation or physical contact loss
MSFC,12,disturbed,bayesian_ei,completed_nominal_and_disturbed_guard_infeasible,MSFC-12-disturbed,complete,True,e50ff14b97db709b942c4fea89600e5d6270b47a1734f10539ff52429425ce27,,0.6633756645432212,1.1097273736048854,7.109518630929579,4.009301176820105,0.9906988231798953,0.00818807966565997,0.018481323663784736,0.8655518502757605,0.16456642280913092,0.19012890187537682,0.08638047745932097,0.19958922388589617,0.012,6027,1021,duration of true_normal_load_n < 1 N on the declared sample grid; not geometric separation or physical contact loss
MSFC,13,nominal,bayesian_ei,completed_nominal_infeasible,MSFC-13-nominal,complete,True,9e9ed1bb1a075b0956682305306097ac8f8335ab1aa04b390dbd447a8ded575e,,0.12357484382089577,0.2818797933596407,6.274466509416778,1.2744665094167784,3.8089432330120396,0.005506256949532354,0.00827277835602644,0.8536872137192074,0.16230360366414823,0.19012069181292987,0.0468441436333516,0.11516730548546036,0.0,0,0,duration of true_normal_load_n < 1 N on the declared sample grid; not geometric separation or physical contact loss
MSFC,13,disturbed,bayesian_ei,completed_nominal_infeasible,MSFC-13-disturbed,complete,True,ed2140c7fcb4c8f400def10a596314291af4101a078118b32cc2329875b5e1d9,,0.493009013353947,0.8497444570690085,6.274466509416778,2.6264108516499025,2.3735891483500975,0.0068949603485047375,0.015482595072434196,0.8614790706842061,0.16379008193732808,0.19012659449432973,0.062214234767758135,0.141268797934293,0.0,723,5193,duration of true_normal_load_n < 1 N on the declared sample grid; not geometric separation or physical contact loss
MSFC,14,nominal,bayesian_ei,completed_nominal_and_disturbed_guard_infeasible,MSFC-14-nominal,complete,True,18efe3a1133a949be5097aaeaa4b03a7e3e4a3d9c012f9522a5852c1aebff409,,1.6060168243901614,1.9504239613013976,11.316362126010198,6.316362126010198,1.3002425885803703,0.012524364246708533,0.03165135345603442,0.8883958898615485,0.1688894994886431,0.19010612432590562,0.25610081891037945,0.4784993610422561,0.0,21360,24,duration of true_normal_load_n < 1 N on the declared sample grid; not geometric separation or physical contact loss
MSFC,14,disturbed,bayesian_ei,completed_nominal_and_disturbed_guard_infeasible,MSFC-14-disturbed,complete,True,b497fc21344683a3e4cce01b8c32f129df11787a5111b8145ece8a1214167a34,,1.3977358832022775,1.7517999269121325,10.326248325600478,5.326248325600478,0.0,0.011261196713997996,0.023773456592209318,0.8879542966885283,0.1688176244147132,0.19011972242748224,0.1801488844448917,0.37063296789147077,1.034,17008,2128,duration of true_normal_load_n < 1 N on the declared sample grid; not geometric separation or physical contact loss
MSFC,15,nominal,bayesian_ei,completed_nominal_and_disturbed_guard_infeasible,MSFC-15-nominal,complete,True,89abd48b55ab045792d477ecc4ff6de67412898a298707a7d608804ff25c5ef6,,1.5958633831501778,1.9234142320034273,11.151586917867634,6.151586917867634,1.5094834748223356,0.01332587976133945,0.03363174603119761,0.8828659074134677,0.16783688702440944,0.19010461907643617,0.2723624271991848,0.49743581959927724,0.0,22262,9,duration of true_normal_load_n < 1 N on the declared sample grid; not geometric separation or physical contact loss
MSFC,15,disturbed,bayesian_ei,completed_nominal_and_disturbed_guard_infeasible,MSFC-15-disturbed,complete,True,e8d1af20719f955fdc22c762e2cc163fd67124eba8360e113d96ef64f9659112,,1.4799157046617764,1.8220012947114852,10.499417548073572,5.499417548073572,0.0,0.012281382266074711,0.027239711817087068,0.8844292475300709,0.1681447380586198,0.19011666397079752,0.2063563985508682,0.4250588589120985,0.886,20129,2706,duration of true_normal_load_n < 1 N on the declared sample grid; not geometric separation or physical contact loss
MSFC,16,nominal,bayesian_ei,not_run,,,False,,,,,,,,,,,,,,,,,,
MSFC,16,disturbed,bayesian_ei,not_run,,,False,,,,,,,,,,,,,,,,,,
MSFC,17,nominal,bayesian_ei,not_run,,,False,,,,,,,,,,,,,,,,,,
MSFC,17,disturbed,bayesian_ei,not_run,,,False,,,,,,,,,,,,,,,,,,
MSFC,18,nominal,bayesian_ei,not_run,,,False,,,,,,,,,,,,,,,,,,
MSFC,18,disturbed,bayesian_ei,not_run,,,False,,,,,,,,,,,,,,,,,,
MSFC,19,nominal,bayesian_ei,not_run,,,False,,,,,,,,,,,,,,,,,,
MSFC,19,disturbed,bayesian_ei,not_run,,,False,,,,,,,,,,,,,,,,,,
MSFC,20,nominal,repeat_incumbent,not_run,,,False,,,,,,,,,,,,,,,,,,
MSFC,20,disturbed,repeat_incumbent,not_run,,,False,,,,,,,,,,,,,,,,,,
MSFC,21,nominal,repeat_incumbent,not_run,,,False,,,,,,,,,,,,,,,,,,
MSFC,21,disturbed,repeat_incumbent,not_run,,,False,,,,,,,,,,,,,,,,,,
MSFC,22,nominal,repeat_incumbent,not_run,,,False,,,,,,,,,,,,,,,,,,
MSFC,22,disturbed,repeat_incumbent,not_run,,,False,,,,,,,,,,,,,,,,,,
MSFC,23,nominal,repeat_incumbent,not_run,,,False,,,,,,,,,,,,,,,,,,
MSFC,23,disturbed,repeat_incumbent,not_run,,,False,,,,,,,,,,,,,,,,,,
