sample_index,t_s,fx_n,fy_n,fz_n,tx_nm,ty_nm,tz_nm
0,0.5752926809946075,0.0,0.0,0.0,0.0,0.0,0.0
1,0.5832731599948602,0.0,0.0,0.0,0.0,0.0,0.0
2,0.5912848659936571,0.0,0.0,0.0,0.0,0.0,0.0
3,0.5992844099964714,0.0,0.0,0.0,0.0,0.0,0.0
4,0.6073212939954828,0.0,0.0,0.0,0.0,0.0,0.0
5,0.6152629099960905,0.0,0.0,0.0,0.0,0.0,0.0
6,0.6233191089995671,0.0,0.0,0.0,0.0,0.0,0.0
7,0.631250756996451,0.0,0.0,0.0,0.0,0.0,0.0
8,0.6392578550003236,0.0,0.0,0.0,0.0,0.0,0.0
9,0.6472616669925628,0.0,0.0,0.0,0.0,0.0,0.0
10,0.6552758280013222,0.0,0.0,0.0,0.0,0.0,0.0
11,0.663263239999651,0.0,0.0,0.0,0.0,0.0,0.0
12,0.6712596180004766,0.0,0.0,0.0,0.0,0.0,0.0
13,0.6792731680034194,0.0,0.0,0.0,0.0,0.0,0.0
14,0.6872569730039686,0.0,0.0,0.0,0.0,0.0,0.0
15,0.6952780669962522,0.0,0.0,0.0,0.0,0.0,0.0
16,0.7032535860053031,0.0,0.0,0.0,0.0,0.0,0.0
17,0.7112955789925763,0.0,0.0,0.0,0.0,0.0,0.0
18,0.7192634439998074,0.0,0.0,0.0,0.0,0.0,0.0
19,0.7272586100007175,0.0,0.0,0.0,0.0,0.0,0.0
20,0.7352590259979479,0.0,0.0,0.0,0.0,0.0,0.0
21,0.7432628179958556,0.0,0.0,0.0,0.0,0.0,0.0
22,0.7512551079998957,0.0,0.0,0.0,0.0,0.0,0.0
23,0.7592855599941686,0.0,0.0,0.0,0.0,0.0,0.0
24,0.7672539560007863,0.0,0.0,0.0,0.0,0.0,0.0
25,0.7752454650035361,0.0,0.0,0.0,0.0,0.0,0.0
26,0.7832555589993717,0.0,0.0,0.0,0.0,0.0,0.0
27,0.7912594609952066,0.0,0.0,0.0,0.0,0.0,0.0
28,0.7992795030004345,0.0,0.0,0.0,0.0,0.0,0.0
29,0.8072710520063993,0.0,0.0,0.0,0.0,0.0,0.0
30,0.815258974005701,0.0,0.0,0.0,0.0,0.0,0.0
31,0.8232680060027633,0.0,0.0,0.0,0.0,0.0,0.0
32,0.8312399389978964,0.0,0.0,0.0,0.0,0.0,0.0
33,0.8392327500041574,0.0,0.0,0.0,0.0,0.0,0.0
34,0.8472609780001221,0.0,0.0,0.0,0.0,0.0,0.0
35,0.8552316580025945,0.0,0.0,0.0,0.0,0.0,0.0
36,0.8632384259981336,0.0,0.0,0.0,0.0,0.0,0.0
37,0.8712383700039936,0.0,0.0,0.0,0.0,0.0,0.0
38,0.8792462900019018,0.0,0.0,0.0,0.0,0.0,0.0
39,0.8872410850017332,0.0,0.0,0.0,0.0,0.0,0.0
40,0.8952219640050316,0.0,0.0,0.0,0.0,0.0,0.0
41,0.9032100570038892,0.0,0.0,0.0,0.0,0.0,0.0
42,0.9112622090033256,0.0,0.0,0.0,0.0,0.0,0.0
43,0.9192301949951798,0.0,0.0,0.0,0.0,0.0,0.0
44,0.9272185070003616,0.0,0.0,0.0,0.0,0.0,0.0
45,0.9352052680042107,0.0,0.0,0.0,0.0,0.0,0.0
46,0.9432348069967702,0.0,0.0,0.0,0.0,0.0,0.0
47,0.951207190999412,0.0,0.0,0.0,0.0,0.0,0.0
48,0.9592680589994416,0.0,0.0,0.0,0.0,0.0,0.0
49,0.9671980540006189,0.0,0.0,0.0,0.0,0.0,0.0
50,0.9752227249991847,0.0,0.0,0.0,0.0,0.0,0.0
51,0.9832397809950635,0.0,0.0,0.0,0.0,0.0,0.0
52,0.9912196380028035,0.0,0.0,0.0,0.0,0.0,0.0
53,0.9992298919969471,0.0,0.0,0.0,0.0,0.0,0.0
54,1.0073087939963443,0.0,0.0,0.0,0.0,0.0,0.0
55,1.0152362840017304,0.0,0.0,0.0,0.0,0.0,0.0
56,1.0231190609920304,0.0,0.0,0.0,0.0,0.0,0.0
57,1.0311412970040692,0.0,0.0,0.0,0.0,0.0,0.0
58,1.039143927002442,0.0,0.0,0.0,0.0,0.0,0.0
59,1.0471323910023784,0.0,0.0,0.0,0.0,0.0,0.0
60,1.05511498299893,0.0,0.0,0.0,0.0,0.0,0.0
61,1.0631060510058887,0.0,0.0,0.0,0.0,0.0,0.0
62,1.0711347390024457,0.0,0.0,0.0,0.0,0.0,0.0
63,1.079125396994641,0.0,0.0,0.0,0.0,0.0,0.0
64,1.0871227869938593,0.0,0.0,0.0,0.0,0.0,0.0
65,1.095106010994641,0.0,0.0,0.0,0.0,0.0,0.0
66,1.1031050739984494,0.0,0.0,0.0,0.0,0.0,0.0
67,1.111179015992093,0.0,0.0,0.0,0.0,0.0,0.0
68,1.1191485739982454,0.0,0.0,0.0,0.0,0.0,0.0
69,1.1271207569952821,0.0,0.0,0.0,0.0,0.0,0.0
70,1.1351543450000463,0.0,0.0,0.0,0.0,0.0,0.0
71,1.1431169900024543,0.0,0.0,0.0,0.0,0.0,0.0
72,1.1511526819958817,0.0,0.0,0.0,0.0,0.0,0.0
73,1.159182592004072,0.0,0.0,0.0,0.0,0.0,0.0
74,1.1671189890039386,0.0,0.0,0.0,0.0,0.0,0.0
75,1.1751537279924378,0.0,0.0,0.0,0.0,0.0,0.0
76,1.183151948993327,0.0,0.0,0.0,0.0,0.0,0.0
77,1.1911271080025472,0.0,0.0,0.0,0.0,0.0,0.0
78,1.199158602001262,0.0,0.0,0.0,0.0,0.0,0.0
79,1.2071233309980016,0.0,0.0,0.0,0.0,0.0,0.0
80,1.215131442004349,0.0,0.0,0.0,0.0,0.0,0.0
81,1.2231403129990213,0.0,0.0,0.0,0.0,0.0,0.0
82,1.2311348380026175,0.0,0.0,0.0,0.0,0.0,0.0
83,1.2391411749995314,0.0,0.0,0.0,0.0,0.0,0.0
84,1.2471438850043342,0.0,0.0,0.0,0.0,0.0,0.0
85,1.2551342920050956,0.0,0.0,0.0,0.0,0.0,0.0
86,1.2631601549946936,0.0,0.0,0.0,0.0,0.0,0.0
87,1.27112549499725,0.0,0.0,0.0,0.0,0.0,0.0
88,1.2791522600018652,0.0,0.0,0.0,0.0,0.0,0.0
89,1.287145131995203,0.0,0.0,0.0,0.0,0.0,0.0
90,1.2951447759987786,0.0,0.0,0.0,0.0,0.0,0.0
91,1.303138941002544,0.0,0.0,0.0,0.0,0.0,0.0
92,1.3111751130054472,0.0,0.0,0.0,0.0,0.0,0.0
93,1.3191327690001344,0.0,0.0,0.0,0.0,0.0,0.0
94,1.3271492750063771,0.0,0.0,0.0,0.0,0.0,0.0
95,1.3351417759986361,0.0,0.0,0.0,0.0,0.0,0.0
96,1.3431287059938768,0.0,0.0,0.0,0.0,0.0,0.0
97,1.3511239429935813,0.0,0.0,0.0,0.0,0.0,0.0
98,1.3591977350006346,0.0,0.0,0.0,0.0,0.0,0.0
99,1.36712828099553,0.0,0.0,0.0,0.0,0.0,0.0
100,1.3751497449993622,0.0,0.0,0.0,0.0,0.0,0.0
101,1.3830962009960786,0.0,0.0,0.0,0.0,0.0,0.0
102,1.391201350998017,0.0,0.0,0.0,0.0,0.0,0.0
103,1.3990959509974346,0.0,0.0,0.0,0.0,0.0,0.0
104,1.407096447001095,0.0,0.0,0.0,0.0,0.0,0.0
105,1.4150949390023015,0.0,0.0,0.0,0.0,0.0,0.0
106,1.4230924290022813,0.0,0.0,0.0,0.0,0.0,0.0
107,1.4310904500016477,0.0,0.0,0.0,0.0,0.0,0.0
108,1.4391093099984573,0.0,0.0,0.0,0.0,0.0,0.0
109,1.4471306350023951,0.0,0.0,0.0,0.0,0.0,0.0
110,1.4551211920042988,0.0,0.0,0.0,0.0,0.0,0.0
111,1.4631312059937045,0.0,0.0,0.0,0.0,0.0,0.0
112,1.471144055001787,0.0,0.0,0.0,0.0,0.0,0.0
113,1.479127658996731,0.0,0.0,0.0,0.0,0.0,0.0
114,1.4871868949994678,0.0,0.0,0.0,0.0,0.0,0.0
115,1.4951400330028264,0.0,0.0,0.0,0.0,0.0,0.0
116,1.5031370819924632,0.0,0.0,0.0,0.0,0.0,0.0
117,1.5111896250018617,0.0,0.0,0.0,0.0,0.0,0.0
118,1.5191326339991065,0.0,0.0,0.0,0.0,0.0,0.0
119,1.5271381890051998,0.0,0.0,0.0,0.0,0.0,0.0
120,1.5351363009976922,0.0,0.0,0.0,0.0,0.0,0.0
121,1.5431203460029792,0.0,0.0,0.0,0.0,0.0,0.0
122,1.5511402279953472,0.0,0.0,0.0,0.0,0.0,0.0
123,1.5592037710011937,0.0,0.0,0.0,0.0,0.0,0.0
124,1.5671428729983745,0.0,0.0,0.0,0.0,0.0,0.0
125,1.5751356739929179,0.0,0.0,0.0,0.0,0.0,0.0
126,1.5831352090026485,0.0,0.0,0.0,0.0,0.0,0.0
127,1.591131235996727,0.0,0.0,0.0,0.0,0.0,0.0
128,1.5991882179951062,0.0,0.0,0.0,0.0,0.0,0.0
129,1.6071419859945308,0.0,0.0,0.0,0.0,0.0,0.0
130,1.6151303200022085,0.0,0.0,0.0,0.0,0.0,0.0
131,1.6231313360040076,0.0,0.0,0.0,0.0,0.0,0.0
132,1.6311370519979391,0.0,0.0,0.0,0.0,0.0,0.0
133,1.6391244539991021,0.0,0.0,0.0,0.0,0.0,0.0
134,1.6471442649926757,0.0,0.0,0.0,0.0,0.0,0.0
135,1.6551301739964401,0.0,0.0,0.0,0.0,0.0,0.0
136,1.6631760849995771,0.0,0.0,0.0,0.0,0.0,0.0
137,1.6711322180053685,0.0,0.0,0.0,0.0,0.0,0.0
138,1.6791303799982416,0.0,0.0,0.0,0.0,0.0,0.0
139,1.6871745370008284,0.0,0.0,0.0,0.0,0.0,0.0
140,1.6951547149947146,0.0,0.0,0.0,0.0,0.0,0.0
141,1.7031342319969554,0.0,0.0,0.0,0.0,0.0,0.0
142,1.7111706150026293,0.0,0.0,0.0,0.0,0.0,0.0
143,1.7191407140053343,0.0,0.0,0.0,0.0,0.0,0.0
144,1.7271581810055068,0.0,0.0,0.0,0.0,0.0,0.0
145,1.7351503819954814,0.0,0.0,0.0,0.0,0.0,0.0
146,1.743152461000136,0.0,0.0,0.0,0.0,0.0,0.0
147,1.7511367059923941,0.0,0.0,0.0,0.0,0.0,0.0
148,1.7591592829994624,0.0,0.0,0.0,0.0,0.0,0.0
149,1.767155270994408,0.0,0.0,0.0,0.0,0.0,0.0
150,1.775159654993331,0.0,0.0,0.0,0.0,0.0,0.0
151,1.7831284910062095,0.0,0.0,0.0,0.0,0.0,0.0
152,1.7911347879999084,0.0,0.0,0.0,0.0,0.0,0.0
153,1.799147747005918,0.0,0.0,0.0,0.0,0.0,0.0
154,1.80713566999475,0.0,0.0,0.0,0.0,0.0,0.0
155,1.8151133229985135,0.0,0.0,0.0,0.0,0.0,0.0
156,1.8231148210034007,0.0,0.0,0.0,0.0,0.0,0.0
157,1.8311063300061505,0.0,0.0,0.0,0.0,0.0,0.0
158,1.8391233769943938,0.0,0.0,0.0,0.0,0.0,0.0
159,1.8470989359921077,0.0,0.0,0.0,0.0,0.0,0.0
160,1.8551654649927514,0.0,0.0,0.0,0.0,0.0,0.0
161,1.8631474870053353,0.0,0.0,0.0,0.0,0.0,0.0
162,1.8711437949968968,0.0,0.0,0.0,0.0,0.0,0.0
163,1.879145051992964,0.0,0.0,0.0,0.0,0.0,0.0
164,1.8871719970047707,0.0,0.0,0.0,0.0,0.0,0.0
165,1.8951498910028022,0.0,0.0,0.0,0.0,0.0,0.0
166,1.9031492749927565,0.0,0.0,0.0,0.0,0.0,0.0
167,1.9111652400024468,0.0,0.0,0.0,0.0,0.0,0.0
168,1.9191357399977278,0.0,0.0,0.0,0.0,0.0,0.0
169,1.9271147359977476,0.0,0.0,0.0,0.0,0.0,0.0
170,1.9351162329985527,0.0,0.0,0.0,0.0,0.0,0.0
171,1.9431061299983412,0.0,0.0,0.0,0.0,0.0,0.0
172,1.9511441149952589,0.0,0.0,0.0,0.0,0.0,0.0
173,1.959137368001393,0.0,0.0,0.0,0.0,0.0,0.0
174,1.9671464800048852,0.0,0.0,0.0,0.0,0.0,0.0
175,1.9751522159931483,0.0,0.0,0.0,0.0,0.0,0.0
176,1.9831488539930433,0.0,0.0,0.0,0.0,0.0,0.0
177,1.9911509130033664,0.0,0.0,0.0,0.0,0.0,0.0
178,1.99915918399347,0.0,0.0,0.0,0.0,0.0,0.0
179,2.007150202000048,0.0,0.0,0.0,0.0,0.0,0.0
180,2.0151782790053403,0.0,0.0,0.0,0.0,0.0,0.0
181,2.0231474269967293,0.0,0.0,0.0,0.0,0.0,0.0
182,2.0311532219930086,0.0,0.0,0.0,0.0,0.0,0.0
183,2.039152636003564,0.0,0.0,0.0,0.0,0.0,0.0
184,2.0471535230026348,0.0,0.0,0.0,0.0,0.0,0.0
185,2.0551436399982776,0.0,0.0,0.0,0.0,0.0,0.0
186,2.0632049790001474,0.0,0.0,0.0,0.0,0.0,0.0
187,2.071136005994049,0.0,0.0,0.0,0.0,0.0,0.0
188,2.079151179001201,0.0,0.0,0.0,0.0,0.0,0.0
189,2.0871389509993605,0.0,0.0,0.0,0.0,0.0,0.0
190,2.095135178999044,0.0,0.0,0.0,0.0,0.0,0.0
191,2.1031246240017936,0.0,0.0,0.0,0.0,0.0,0.0
192,2.1111642829928314,0.0,0.0,0.0,0.0,0.0,0.0
193,2.1191290319984546,0.0,0.0,0.0,0.0,0.0,0.0
194,2.1271370820031734,0.0,0.0,0.0,0.0,0.0,0.0
195,2.135131717004697,0.0,0.0,0.0,0.0,0.0,0.0
196,2.143128516996512,0.0,0.0,0.0,0.0,0.0,0.0
197,2.1511311369977193,0.0,0.0,0.0,0.0,0.0,0.0
198,2.15913551999256,0.0,0.0,0.0,0.0,0.0,0.0
199,2.167126778003876,0.0,0.0,0.0,0.0,0.0,0.0
200,2.175141871004598,0.0,0.0,0.0,0.0,0.0,0.0
201,2.1831330599961802,0.0,0.0,0.0,0.0,0.0,0.0
202,2.1911343569954624,0.0,0.0,0.0,0.0,0.0,0.0
203,2.199140513999737,0.0,0.0,0.0,0.0,0.0,0.0
204,2.2071402889996534,0.0,0.0,0.0,0.0,0.0,0.0
205,2.215156563994242,0.0,0.0,0.0,0.0,0.0,0.0
206,2.2230986109934747,0.0,0.0,0.0,0.0,0.0,0.0
207,2.2311092970048776,0.0,0.0,0.0,0.0,0.0,0.0
208,2.2391135299985763,0.0,0.0,0.0,0.0,0.0,0.0
209,2.2471498619997874,0.0,0.0,0.0,0.0,0.0,0.0
210,2.255128388002049,0.0,0.0,0.0,0.0,0.0,0.0
211,2.2631552329985425,0.0,0.0,0.0,0.0,0.0,0.0
212,2.2711228669941192,0.0,0.0,0.0,0.0,0.0,0.0
213,2.279137139004888,0.0,0.0,0.0,0.0,0.0,0.0
214,2.2871578729973407,0.0,0.0,0.0,0.0,0.0,0.0
215,2.295130036000046,0.0,0.0,0.0,0.0,0.0,0.0
216,2.3030987929960247,0.0,0.0,0.0,0.0,0.0,0.0
217,2.3111358269961784,0.0,0.0,0.0,0.0,0.0,0.0
218,2.3191145729942946,0.0,0.0,0.0,0.0,0.0,0.0
219,2.3271365690015955,0.0,0.0,0.0,0.0,0.0,0.0
220,2.335141403003945,0.0,0.0,0.0,0.0,0.0,0.0
221,2.3431301870004972,0.0,0.0,0.0,0.0,0.0,0.0
222,2.351134780998109,0.0,0.0,0.0,0.0,0.0,0.0
223,2.3591328420006903,0.0,0.0,0.0,0.0,0.0,0.0
224,2.367148075994919,0.0,0.0,0.0,0.0,0.0,0.0
225,2.375116302006063,0.0,0.0,0.0,0.0,0.0,0.0
226,2.383144399005687,0.0,0.0,0.0,0.0,0.0,0.0
227,2.391168670001207,0.0,0.0,0.0,0.0,0.0,0.0
228,2.399150530996849,0.0,0.0,0.0,0.0,0.0,0.0
229,2.4071359189983923,0.0,0.0,0.0,0.0,0.0,0.0
230,2.4151834929944016,0.0,0.0,0.0,0.0,0.0,0.0
231,2.4231290570023702,0.0,0.0,0.0,0.0,0.0,0.0
232,2.431141013992601,0.0,0.0,0.0,0.0,0.0,0.0
233,2.4391162730025826,0.0,0.0,0.0,0.0,0.0,0.0
234,2.4471348929946544,0.0,0.0,0.0,0.0,0.0,0.0
235,2.4551342369959457,0.0,0.0,0.0,0.0,0.0,0.0
236,2.463152265001554,0.0,0.0,0.0,0.0,0.0,0.0
237,2.471134737992543,0.0,0.0,0.0,0.0,0.0,0.0
238,2.4791546299966285,0.0,0.0,0.0,0.0,0.0,0.0
239,2.487137353004073,0.0,0.0,0.0,0.0,0.0,0.0
240,2.495133802003693,0.0,0.0,0.0,0.0,0.0,0.0
241,2.503127174000838,0.0,0.0,0.0,0.0,0.0,0.0
242,2.5111728140036575,0.0,0.0,0.0,0.0,0.0,0.0
243,2.5191369929962093,0.0,0.0,0.0,0.0,0.0,0.0
244,2.527140944992425,0.0,0.0,0.0,0.0,0.0,0.0
245,2.5351252510008635,0.0,0.0,0.0,0.0,0.0,0.0
246,2.543136377003975,0.0,0.0,0.0,0.0,0.0,0.0
247,2.5511292690061964,0.0,0.0,0.0,0.0,0.0,0.0
248,2.559134494003956,0.0,0.0,0.0,0.0,0.0,0.0
249,2.5671363419969566,0.0,0.0,0.0,0.0,0.0,0.0
250,2.5751211189926835,0.0,0.0,0.0,0.0,0.0,0.0
251,2.5831222260021605,0.0,0.0,0.0,0.0,0.0,0.0
252,2.591148339997744,0.0,0.0,0.0,0.0,0.0,0.0
253,2.5991467319981894,0.0,0.0,0.0,0.0,0.0,0.0
254,2.607129925992922,0.0,0.0,0.0,0.0,0.0,0.0
255,2.615141993999714,0.0,0.0,0.0,0.0,0.0,0.0
256,2.6231243560032453,0.0,0.0,0.0,0.0,0.0,0.0
257,2.631124250998255,0.0,0.0,0.0,0.0,0.0,0.0
258,2.6391231140005402,0.0,0.0,0.0,0.0,0.0,0.0
259,2.6471125389944063,0.0,0.0,0.0,0.0,0.0,0.0
260,2.655137270994601,0.0,0.0,0.0,0.0,0.0,0.0
261,2.6631573530030437,0.0,0.0,0.0,0.0,0.0,0.0
262,2.671139925994794,0.0,0.0,0.0,0.0,0.0,0.0
263,2.67913732600573,0.0,0.0,0.0,0.0,0.0,0.0
264,2.6871357280033408,0.0,0.0,0.0,0.0,0.0,0.0
265,2.6951296719926177,0.0,0.0,0.0,0.0,0.0,0.0
266,2.7031311900063884,0.0,0.0,0.0,0.0,0.0,0.0
267,2.711128690993064,0.0,0.0,0.0,0.0,0.0,0.0
268,2.7191561270010425,0.0,0.0,0.0,0.0,0.0,0.0
269,2.7271341610030504,0.0,0.0,0.0,0.0,0.0,0.0
270,2.7351499159995,0.0,0.0,0.0,0.0,0.0,0.0
271,2.743129623006098,0.0,0.0,0.0,0.0,0.0,0.0
272,2.751141008993727,0.0,0.0,0.0,0.0,0.0,0.0
273,2.7591278899926692,0.0,0.0,0.0,0.0,0.0,0.0
274,2.7671547649952117,0.0,0.0,0.0,0.0,0.0,0.0
275,2.775120677004452,0.0,0.0,0.0,0.0,0.0,0.0
276,2.7831175759929465,0.0,0.0,0.0,0.0,0.0,0.0
277,2.791154410006129,0.0,0.0,0.0,0.0,0.0,0.0
278,2.7991386049980065,0.0,0.0,0.0,0.0,0.0,0.0
279,2.807125104998704,0.0,0.0,0.0,0.0,0.0,0.0
280,2.815300116999424,0.0,0.0,0.0,0.0,0.0,0.0
281,2.823130877004587,0.0,0.0,0.0,0.0,0.0,0.0
282,2.8311393670010148,0.0,0.0,0.0,0.0,0.0,0.0
283,2.839137237999239,0.0,0.0,0.0,0.0,0.0,0.0
284,2.8471412409999175,0.0,0.0,0.0,0.0,0.0,0.0
285,2.855133402001229,0.0,0.0,0.0,0.0,0.0,0.0
286,2.8631658170052106,0.0,0.0,0.0,0.0,0.0,0.0
287,2.8711331920058,0.0,0.0,0.0,0.0,0.0,0.0
288,2.8791437960026087,0.0,0.0,0.0,0.0,0.0,0.0
289,2.8871220110013383,0.0,0.0,0.0,0.0,0.0,0.0
290,2.8951459609961603,0.0,0.0,0.0,0.0,0.0,0.0
291,2.9031264499935787,0.0,0.0,0.0,0.0,0.0,0.0
292,2.911122046003584,0.0,0.0,0.0,0.0,0.0,0.0
293,2.919126580003649,0.0,0.0,0.0,0.0,0.0,0.0
294,2.9271132909925655,0.0,0.0,0.0,0.0,0.0,0.0
295,2.9351221620017895,0.0,0.0,0.0,0.0,0.0,0.0
296,2.9431275069946423,0.0,0.0,0.0,0.0,0.0,0.0
297,2.951124807004817,0.0,0.0,0.0,0.0,0.0,0.0
298,2.959120294006425,0.0,0.0,0.0,0.0,0.0,0.0
299,2.967144073001691,0.0,0.0,0.0,0.0,0.0,0.0
300,2.9751189520029584,0.0,0.0,0.0,0.0,0.0,0.0
301,2.9831253890006337,0.0,0.0,0.0,0.0,0.0,0.0
302,2.991137927005184,0.0,0.0,0.0,0.0,0.0,0.0
303,2.9991076760052238,0.0,0.0,0.0,0.0,0.0,0.0
304,3.0071288809995167,0.0,0.0,0.0,0.0,0.0,0.0
305,3.015152168998611,0.0,0.0,0.0,0.0,0.0,0.0
306,3.0231244629976572,0.0,0.0,0.0,0.0,0.0,0.0
307,3.0311199400020996,0.0,0.0,0.0,0.0,0.0,0.0
308,3.0391343209921615,0.0,0.0,0.0,0.0,0.0,0.0
309,3.0471193389967084,0.0,0.0,0.0,0.0,0.0,0.0
310,3.0551264270034153,0.0,0.0,0.0,0.0,0.0,0.0
311,3.0631562979979208,0.0,0.0,0.0,0.0,0.0,0.0
312,3.0711246139981085,0.0,0.0,0.0,0.0,0.0,0.0
313,3.0791365420009242,0.0,0.0,0.0,0.0,0.0,0.0
314,3.087132158005261,0.0,0.0,0.0,0.0,0.0,0.0
315,3.095125289997668,0.0,0.0,0.0,0.0,0.0,0.0
316,3.103137758997036,0.0,0.0,0.0,0.0,0.0,0.0
317,3.111113969993312,0.0,0.0,0.0,0.0,0.0,0.0
318,3.1191183629998704,0.0,0.0,0.0,0.0,0.0,0.0
319,3.1271306609996827,0.0,0.0,0.0,0.0,0.0,0.0
320,3.1351373689976754,0.0,0.0,0.0,0.0,0.0,0.0
321,3.143100064000464,0.0,0.0,0.0,0.0,0.0,0.0
322,3.151127119999728,0.0,0.0,0.0,0.0,0.0,0.0
323,3.159114491994842,0.0,0.0,0.0,0.0,0.0,0.0
324,3.167149120999966,0.0,0.0,0.0,0.0,0.0,0.0
325,3.1751245909981662,0.0,0.0,0.0,0.0,0.0,0.0
326,3.1831261680054013,0.0,0.0,0.0,0.0,0.0,0.0
327,3.1911333570024,0.0,0.0,0.0,0.0,0.0,0.0
328,3.199136968993116,0.0,0.0,0.0,0.0,0.0,0.0
329,3.207126574998256,0.0,0.0,0.0,0.0,0.0,0.0
330,3.2151532900024904,0.0,0.0,0.0,0.0,0.0,0.0
331,3.223124491996714,0.0,0.0,0.0,0.0,0.0,0.0
332,3.231126600992866,0.0,0.0,0.0,0.0,0.0,0.0
333,3.239120084006572,0.0,0.0,0.0,0.0,0.0,0.0
334,3.2471264509949833,0.0,0.0,0.0,0.0,0.0,0.0
335,3.2551185519987484,0.0,0.0,0.0,0.0,0.0,0.0
336,3.2631625789945247,0.0,0.0,0.0,0.0,0.0,0.0
337,3.271113052003784,0.0,0.0,0.0,0.0,0.0,0.0
338,3.279129197995644,0.0,0.0,0.0,0.0,0.0,0.0
339,3.287113483005669,0.0,0.0,0.0,0.0,0.0,0.0
340,3.295140418995288,0.0,0.0,0.0,0.0,0.0,0.0
341,3.303125516002183,0.0,0.0,0.0,0.0,0.0,0.0
342,3.311118689001887,0.0,0.0,0.0,0.0,0.0,0.0
343,3.319128092000028,0.0,0.0,0.0,0.0,0.0,0.0
344,3.327136252002674,0.0,0.0,0.0,0.0,0.0,0.0
345,3.3351357460051076,0.0,0.0,0.0,0.0,0.0,0.0
346,3.343117677999544,0.0,0.0,0.0,0.0,0.0,0.0
347,3.351113165001152,0.0,0.0,0.0,0.0,0.0,0.0
348,3.3591213049949147,0.0,0.0,0.0,0.0,0.0,0.0
349,3.3671426799992332,0.0,0.0,0.0,0.0,0.0,0.0
350,3.375118130003102,0.0,0.0,0.0,0.0,0.0,0.0
351,3.3831261599989375,0.0,0.0,0.0,0.0,0.0,0.0
352,3.391126225993503,0.0,0.0,0.0,0.0,0.0,0.0
353,3.399141318994225,0.0,0.0,0.0,0.0,0.0,0.0
354,3.4071036639943486,0.0,0.0,0.0,0.0,0.0,0.0
355,3.4151470200013136,0.0,0.0,0.0,0.0,0.0,0.0
356,3.423132498006453,0.0,0.0,0.0,0.0,0.0,0.0
357,3.4311294780054595,0.0,0.0,0.0,0.0,0.0,0.0
358,3.439129021993722,0.0,0.0,0.0,0.0,0.0,0.0
359,3.447121432996937,0.0,0.0,0.0,0.0,0.0,0.0
360,3.4551220099965576,0.0,0.0,0.0,0.0,0.0,0.0
361,3.4631783600052586,0.0,0.0,0.0,0.0,0.0,0.0
362,3.4711325700045563,0.0,0.0,0.0,0.0,0.0,0.0
363,3.479134958994109,0.0,0.0,0.0,0.0,0.0,0.0
364,3.4871341529942583,0.0,0.0,0.0,0.0,0.0,0.0
365,3.4951782099960838,0.0,0.0,0.0,0.0,0.0,0.0
366,3.5031272710039048,0.0,0.0,0.0,0.0,0.0,0.0
367,3.5111257529933937,0.0,0.0,0.0,0.0,0.0,0.0
368,3.5191436119930586,0.0,0.0,0.0,0.0,0.0,0.0
369,3.5271273069956806,0.0,0.0,0.0,0.0,0.0,0.0
370,3.535134025005391,0.0,0.0,0.0,0.0,0.0,0.0
371,3.5431161070009694,0.0,0.0,0.0,0.0,0.0,0.0
372,3.551122172997566,0.0,0.0,0.0,0.0,0.0,0.0
373,3.559122128994204,0.0,0.0,0.0,0.0,0.0,0.0
374,3.567172416995163,0.0,0.0,0.0,0.0,0.0,0.0
375,3.5751238119992195,0.0,0.0,0.0,0.0,0.0,0.0
376,3.5831255899975076,0.0,0.0,0.0,0.0,0.0,0.0
377,3.591120946992305,0.0,0.0,0.0,0.0,0.0,0.0
378,3.599147963002906,0.0,0.0,0.0,0.0,0.0,0.0
379,3.60711508699751,0.0,0.0,0.0,0.0,0.0,0.0
380,3.615219657003763,0.0,0.0,0.0,0.0,0.0,0.0
381,3.623123162004049,0.0,0.0,0.0,0.0,0.0,0.0
382,3.631126153006335,0.0,0.0,0.0,0.0,0.0,0.0
383,3.639109758005361,0.0,0.0,0.0,0.0,0.0,0.0
384,3.6471346390026156,0.0,0.0,0.0,0.0,0.0,0.0
385,3.655119005998131,0.0,0.0,0.0,0.0,0.0,0.0
386,3.663122857993585,0.0,0.0,0.0,0.0,0.0,0.0
387,3.671127722001984,0.0,0.0,0.0,0.0,0.0,0.0
388,3.679103803006001,0.0,0.0,0.0,0.0,0.0,0.0
389,3.6871188770019216,0.0,0.0,0.0,0.0,0.0,0.0
390,3.6951626329973806,0.0,0.0,0.0,0.0,0.0,0.0
391,3.7031016050023027,0.0,0.0,0.0,0.0,0.0,0.0
392,3.7111105259973556,0.0,0.0,0.0,0.0,0.0,0.0
393,3.7191586010012543,0.0,0.0,0.0,0.0,0.0,0.0
394,3.7271278489934048,0.0,0.0,0.0,0.0,0.0,0.0
395,3.7351219539996237,0.0,0.0,0.0,0.0,0.0,0.0
396,3.7431241330050398,0.0,0.0,0.0,0.0,0.0,0.0
397,3.75110725700506,0.0,0.0,0.0,0.0,0.0,0.0
398,3.75912308099214,0.0,0.0,0.0,0.0,0.0,0.0
399,3.7671527119964594,0.0,0.0,0.0,0.0,0.0,0.0
400,3.77512282099633,0.0,0.0,0.0,0.0,0.0,0.0
401,3.7831215649930527,0.0,0.0,0.0,0.0,0.0,0.0
402,3.7911252960038837,0.0,0.0,0.0,0.0,0.0,0.0
403,3.7991493070003344,0.0,0.0,0.0,0.0,0.0,0.0
404,3.80713811100577,0.0,0.0,0.0,0.0,0.0,0.0
405,3.815197025993257,0.0,0.0,0.0,0.0,0.0,0.0
406,3.8231304780056234,0.0,0.0,0.0,0.0,0.0,0.0
407,3.831119000999024,0.0,0.0,0.0,0.0,0.0,0.0
408,3.839110200002324,0.0,0.0,0.0,0.0,0.0,0.0
409,3.8471281889942475,0.0,0.0,0.0,0.0,0.0,0.0
410,3.855124937996152,0.0,0.0,0.0,0.0,0.0,0.0
411,3.8631303930014838,0.0,0.0,0.0,0.0,0.0,0.0
412,3.871136159999878,0.0,0.0,0.0,0.0,0.0,0.0
413,3.8791360549948877,0.0,0.0,0.0,0.0,0.0,0.0
414,3.8871359399927314,0.0,0.0,0.0,0.0,0.0,0.0
415,3.8951512229978107,0.0,0.0,0.0,0.0,0.0,0.0
416,3.9031172859977232,0.0,0.0,0.0,0.0,0.0,0.0
417,3.91111943499709,0.0,0.0,0.0,0.0,0.0,0.0
418,3.919170736000524,0.0,0.0,0.0,0.0,0.0,0.0
419,3.927125205998891,0.0,0.0,0.0,0.0,0.0,0.0
420,3.9351315130043076,0.0,0.0,0.0,0.0,0.0,0.0
421,3.9431232630013255,0.0,0.0,0.0,0.0,0.0,0.0
422,3.951127616004669,0.0,0.0,0.0,0.0,0.0,0.0
423,3.959120006999001,0.0,0.0,0.0,0.0,0.0,0.0
424,3.967157342005521,0.0,0.0,0.0,0.0,0.0,0.0
425,3.9751285539969103,0.0,0.0,0.0,0.0,0.0,0.0
426,3.983130433000042,0.0,0.0,0.0,0.0,0.0,0.0
427,3.991106432993547,0.0,0.0,0.0,0.0,0.0,0.0
428,3.999161952000577,0.0,0.0,0.0,0.0,0.0,0.0
429,4.007133794002584,0.0,0.0,0.0,0.0,0.0,0.0
430,4.0152531920030015,0.0,0.0,0.0,0.0,0.0,0.0
431,4.023127523003495,0.0,0.0,0.0,0.0,0.0,0.0
432,4.031115466001211,0.0,0.0,0.0,0.0,0.0,0.0
433,4.039121523004724,0.0,0.0,0.0,0.0,0.0,0.0
434,4.047088006002014,0.0,0.0,0.0,0.0,0.0,0.0
435,4.055116634001024,0.0,0.0,0.0,0.0,0.0,0.0
436,4.063131738002994,0.0,0.0,0.0,0.0,0.0,0.0
437,4.0711318730027415,0.0,0.0,0.0,0.0,0.0,0.0
438,4.0791546709951945,0.0,0.0,0.0,0.0,0.0,0.0
439,4.087117075992865,0.0,0.0,0.0,0.0,0.0,0.0
440,4.095112231996609,0.0,0.0,0.0,0.0,0.0,0.0
441,4.103129088995047,0.0,0.0,0.0,0.0,0.0,0.0
442,4.111119206005242,0.0,0.0,0.0,0.0,0.0,0.0
443,4.119147934994544,0.0,0.0,0.0,0.0,0.0,0.0
444,4.127115950002917,0.0,0.0,0.0,0.0,0.0,0.0
445,4.1351334679930005,0.0,0.0,0.0,0.0,0.0,0.0
446,4.143129506002879,0.0,0.0,0.0,0.0,0.0,0.0
447,4.151120925002033,0.0,0.0,0.0,0.0,0.0,0.0
448,4.159128273997339,0.0,0.0,0.0,0.0,0.0,0.0
449,4.167171930996119,0.0,0.0,0.0,0.0,0.0,0.0
450,4.175131950993091,0.0,0.0,0.0,0.0,0.0,0.0
451,4.183099977002712,0.0,0.0,0.0,0.0,0.0,0.0
452,4.191121622992796,0.0,0.0,0.0,0.0,0.0,0.0
453,4.199165529993479,0.0,0.0,0.0,0.0,0.0,0.0
454,4.207130990995211,0.0,0.0,0.0,0.0,0.0,0.0
455,4.215144492001855,0.0,0.0,0.0,0.0,0.0,0.0
456,4.223141360998852,0.0,0.0,0.0,0.0,0.0,0.0
457,4.231139212992275,0.0,0.0,0.0,0.0,0.0,0.0
458,4.239134949995787,0.0,0.0,0.0,0.0,0.0,0.0
459,4.247119046005537,0.0,0.0,0.0,0.0,0.0,0.0
460,4.255136063002283,0.0,0.0,0.0,0.0,0.0,0.0
461,4.2631198879971635,0.0,0.0,0.0,0.0,0.0,0.0
462,4.27114516099391,0.0,0.0,0.0,0.0,0.0,0.0
463,4.279097848004312,0.0,0.0,0.0,0.0,0.0,0.0
464,4.287093103994266,0.0,0.0,0.0,0.0,0.0,0.0
465,4.295127593999496,0.0,0.0,0.0,0.0,0.0,0.0
466,4.303132939996431,0.0,0.0,0.0,0.0,0.0,0.0
467,4.311123065999709,0.0,0.0,0.0,0.0,0.0,0.0
468,4.319199264005874,0.0,0.0,0.0,0.0,0.0,0.0
469,4.32713751400297,0.0,0.0,0.0,0.0,0.0,0.0
470,4.335109477004153,0.0,0.0,0.0,0.0,0.0,0.0
471,4.343114982999396,0.0,0.0,0.0,0.0,0.0,0.0
472,4.351106782996794,0.0,0.0,0.0,0.0,0.0,0.0
473,4.359116556996014,0.0,0.0,0.0,0.0,0.0,0.0
474,4.367164470997523,0.0,0.0,0.0,0.0,0.0,0.0
475,4.375108592998004,0.0,0.0,0.0,0.0,0.0,0.0
476,4.383122023005853,0.0,0.0,0.0,0.0,0.0,0.0
477,4.391101250002976,0.0,0.0,0.0,0.0,0.0,0.0
478,4.399167177994968,0.0,0.0,0.0,0.0,0.0,0.0
479,4.4071236419986235,0.0,0.0,0.0,0.0,0.0,0.0
480,4.415144746992155,0.0,0.0,0.0,0.0,0.0,0.0
481,4.423109786992427,0.0,0.0,0.0,0.0,0.0,0.0
482,4.431122005000361,0.0,0.0,0.0,0.0,0.0,0.0
483,4.439117442001589,0.0,0.0,0.0,0.0,0.0,0.0
484,4.44713570199383,0.0,0.0,0.0,0.0,0.0,0.0
485,4.455120287995669,0.0,0.0,0.0,0.0,0.0,0.0
486,4.463122628003475,0.0,0.0,0.0,0.0,0.0,0.0
487,4.471142289999989,0.0,0.0,0.0,0.0,0.0,0.0
488,4.479155940993223,0.0,0.0,0.0,0.0,0.0,0.0
489,4.487111423004535,0.0,0.0,0.0,0.0,0.0,0.0
490,4.495119523999165,0.0,0.0,0.0,0.0,0.0,0.0
491,4.503122194000753,0.0,0.0,0.0,0.0,0.0,0.0
492,4.511122900992632,0.0,0.0,0.0,0.0,0.0,0.0
493,4.5191421219933545,0.0,0.0,0.0,0.0,0.0,0.0
494,4.527123442996526,0.0,0.0,0.0,0.0,0.0,0.0
495,4.535122436005622,0.0,0.0,0.0,0.0,0.0,0.0
496,4.543109596997965,0.0,0.0,0.0,0.0,0.0,0.0
497,4.551107309001964,0.0,0.0,0.0,0.0,0.0,0.0
498,4.559117974000401,0.0,0.0,0.0,0.0,0.0,0.0
499,4.56715400700341,0.0,0.0,0.0,0.0,0.0,0.0
500,4.575137460997212,0.0,0.0,0.0,0.0,0.0,0.0
501,4.583126315992558,0.0,0.0,0.0,0.0,0.0,0.0
502,4.591118816999369,0.0,0.0,0.0,0.0,0.0,0.0
503,4.599157955992268,0.0,0.0,0.0,0.0,0.0,0.0
504,4.607138143997872,0.0,0.0,0.0,0.0,0.0,0.0
505,4.615248254005564,0.0,0.0,0.0,0.0,0.0,0.0
506,4.623127434999333,0.0,0.0,0.0,0.0,0.0,0.0
507,4.631137928998214,0.0,0.0,0.0,0.0,0.0,0.0
508,4.639148293994367,0.0,0.0,0.0,0.0,0.0,0.0
509,4.647128974000225,0.0,0.0,0.0,0.0,0.0,0.0
510,4.6551478339970345,0.0,0.0,0.0,0.0,0.0,0.0
511,4.663125998995383,0.0,0.0,0.0,0.0,0.0,0.0
512,4.671147293993272,0.0,0.0,0.0,0.0,0.0,0.0
513,4.67914230999304,0.0,0.0,0.0,0.0,0.0,0.0
514,4.6871314349991735,0.0,0.0,0.0,0.0,0.0,0.0
515,4.695122364006238,0.0,0.0,0.0,0.0,0.0,0.0
516,4.703131025002222,0.0,0.0,0.0,0.0,0.0,0.0
517,4.711112616001628,0.0,0.0,0.0,0.0,0.0,0.0
518,4.719156142004067,0.0,0.0,0.0,0.0,0.0,0.0
519,4.72712474000582,0.0,0.0,0.0,0.0,0.0,0.0
520,4.735124233993702,0.0,0.0,0.0,0.0,0.0,0.0
521,4.743103902001167,0.0,0.0,0.0,0.0,0.0,0.0
522,4.7511199269938515,0.0,0.0,0.0,0.0,0.0,0.0
523,4.759130250997259,0.0,0.0,0.0,0.0,0.0,0.0
524,4.767157868001959,0.0,0.0,0.0,0.0,0.0,0.0
525,4.775121536004008,0.0,0.0,0.0,0.0,0.0,0.0
526,4.783128153998405,0.0,0.0,0.0,0.0,0.0,0.0
527,4.7911254840000765,0.0,0.0,0.0,0.0,0.0,0.0
528,4.799169442005223,0.0,0.0,0.0,0.0,0.0,0.0
529,4.807115927003906,0.0,0.0,0.0,0.0,0.0,0.0
530,4.815203185004066,0.0,0.0,0.0,0.0,0.0,0.0
531,4.823148479001247,0.0,0.0,0.0,0.0,0.0,0.0
532,4.831126513003255,0.0,0.0,0.0,0.0,0.0,0.0
533,4.839115166992997,0.0,0.0,0.0,0.0,0.0,0.0
534,4.847127225002623,0.0,0.0,0.0,0.0,0.0,0.0
535,4.855117382001481,0.0,0.0,0.0,0.0,0.0,0.0
536,4.8631078399921535,0.0,0.0,0.0,0.0,0.0,0.0
537,4.871151757004554,0.0,0.0,0.0,0.0,0.0,0.0
538,4.879128578992095,0.0,0.0,0.0,0.0,0.0,0.0
539,4.887113667005906,0.0,0.0,0.0,0.0,0.0,0.0
540,4.895118582004216,0.0,0.0,0.0,0.0,0.0,0.0
541,4.903150546000688,0.0,0.0,0.0,0.0,0.0,0.0
542,4.911123059995589,0.0,0.0,0.0,0.0,0.0,0.0
543,4.919141028993181,0.0,0.0,0.0,0.0,0.0,0.0
544,4.927122970999335,0.0,0.0,0.0,0.0,0.0,0.0
545,4.935123207003926,0.0,0.0,0.0,0.0,0.0,0.0
546,4.943134152999846,0.0,0.0,0.0,0.0,0.0,0.0
547,4.951111987000331,0.0,0.0,0.0,0.0,0.0,0.0
548,4.959106741996948,0.0,0.0,0.0,0.0,0.0,0.0
549,4.967174384000828,0.0,0.0,0.0,0.0,0.0,0.0
550,4.975120549002895,0.0,0.0,0.0,0.0,0.0,0.0
551,4.983125293001649,0.0,0.0,0.0,0.0,0.0,0.0
552,4.991125378001016,0.0,0.0,0.0,0.0,0.0,0.0
553,4.999139349994948,0.0,0.0,0.0,0.0,0.0,0.0
554,5.007117444998585,0.0,0.0,0.0,0.0,0.0,0.0
