checkpoint,elapsed_end_s,elapsed_end_h,samples_cumulative,rate_hz_cumulative,samples_window,duration_window_s,rate_hz_window,Fx_N_mean,Fx_N_std,Fy_N_mean,Fy_N_std,Fz_N_mean,Fz_N_std,Mx_Nm_mean,Mx_Nm_std,My_Nm_mean,My_Nm_std,Mz_Nm_mean,Mz_Nm_std
1,899.9711557579576,0.2499919877105438,899987,1000.0176052776147,899987,899.9711557579576,1000.0176052776147,2.4322899291869557,0.013556132319943173,-1.100876236988012,0.012446228886203633,-0.9211482194625566,0.011883816054026414,0.05180161596341861,0.000332344109448733,-0.06375143719769574,0.0003322541049619557,0.06097273755602092,0.00033521762983332185
2,1799.977255670994,0.4999936821308317,1799980,1000.0015246464906,899993,899.9576748069958,1000.0392520603947,2.42733816537073,0.012575006452642253,-1.0986110724802638,0.012478523666666711,-0.9056139367696325,0.011002154761838284,0.0517036440097003,0.000333555665000407,-0.06376918691514889,0.00032766128088351044,0.060785857448995465,0.00031301508737949734
3,2699.9764678459615,0.7499934632905448,2699972,999.9983452278142,899992,899.9505612719804,1000.0460455605039,2.430570805466782,0.012370719179653964,-1.0923138436872657,0.012118423385524157,-0.8958154939013477,0.010627957608676861,0.051746202447031625,0.00032733842870051957,-0.0639401629259227,0.0003237377681634331,0.060779956801337805,0.00031317891502307717
4,3599.9878992079757,0.9999966386688821,3599965,999.9936390875145,899993,899.9623370490153,1000.0340713713479,2.4258936177674943,0.012708094248034261,-1.093582592162284,0.013436838122583462,-0.8891860853455804,0.010542083254880078,0.05168152863065713,0.0003484686873063137,-0.06396322335328784,0.0003255465367014732,0.060727149588429806,0.00031517614809710307
5,4499.991538640985,1.2499976496224958,4499958,999.9925469546561,899993,899.9542722760234,1000.0430329908637,2.4210439588356354,0.01296825816111696,-1.0999916719224372,0.012647028514979433,-0.884872359462336,0.01050204175685805,0.05149354292171149,0.00033608240862497796,-0.06390991841036439,0.00033008106323927083,0.0609044785164559,0.0003137782907601342
6,5399.995493575989,1.4999987482155523,5399952,999.9919456273545,899994,899.954295656993,1000.0441181771102,2.4175657890501596,0.012663831660487138,-1.0991310788309032,0.0116313154100539,-0.8794163267410139,0.010565288380047963,0.051477787373087044,0.0003203363548459747,-0.06388654326471288,0.00032753188092110385,0.06088939930795238,0.00031329581387010515
7,6299.998645399988,1.7499996237222188,6299946,999.9916435855067,899994,899.953826137993,1000.0446399146714,2.4204378570373573,0.01446220475847416,-1.0918477434305895,0.013425744277881464,-0.8747465505681005,0.01051580204604831,0.05160042423535145,0.00034783056022511904,-0.06399025307442728,0.0003483087656421551,0.06093244038015642,0.00031519214942400133
8,7199.951092429983,1.9999864145638842,7199888,999.9912371029785,899942,899.9035471180105,1000.0427300038017,2.4195041152468706,0.013242642812000356,-1.0956817607955291,0.014135140651391171,-0.8738089410197857,0.010455651286609653,0.051525042437732885,0.00035785325939583873,-0.06406271127339883,0.0003373379027099997,0.06094937147017218,0.00031355640299908424
9,8099.954180661996,2.24998727240611,8099882,999.9910887567527,899994,899.9538324290188,1000.0446329239721,2.4233298124379714,0.013489462799730451,-1.092307851031207,0.014270156511028599,-0.8734975813537574,0.010479489006897788,0.05160686338009066,0.0003625210396432038,-0.06421887943943393,0.00034518539933942077,0.06101335198595703,0.00031415293898526795
10,8999.955188239983,2.499987552288884,8999875,999.9910901511946,899993,899.9523471050197,1000.0451722750777,2.427802719294571,0.012751913506091082,-1.0856046579192393,0.012715178441794631,-0.874332541817336,0.010557762994626085,0.05176867216919067,0.0003378950836437931,-0.0643975211044517,0.00032901275000324994,0.06106019469469985,0.0003144314824711624
11,9899.961275151989,2.7499892430977746,9899869,999.9906792411177,899994,899.956431219005,1000.0417451108651,2.427686287202848,0.012631029915166271,-1.08729826594704,0.012387865822702153,-0.8772489993474667,0.010448380873997947,0.0517493470798571,0.00033345106927311704,-0.06445658026922635,0.0003277344731472556,0.0611315719926515,0.00031662968629469205
12,10799.963864627993,2.999989962396665,10799862,999.9905680584426,899993,899.9541345540201,1000.043186029696,2.427674368570388,0.012806974571576497,-1.083401289313606,0.011951540695428413,-0.8789426510014748,0.010373221728425195,0.051837239930971585,0.0003262692605853817,-0.0644983112141923,0.0003288445303276368,0.0612398567441926,0.00031396278616939205
13,11699.965439286956,3.2499903998019324,11699855,999.9905607168218,899993,899.9529354599654,1000.0445184836407,2.426476680943719,0.012707810658795622,-1.0810333767389184,0.012284641596422301,-0.8801941174408536,0.010383620209355423,0.05190088177441636,0.00033155035031819113,-0.0645181206362214,0.00032962580172561293,0.06130365733317048,0.0003139465253118631
14,12599.967535142961,3.499990981984156,12599849,999.990592424732,899994,899.9534518519649,1000.0450558281116,2.4221443799974556,0.012944024425015637,-1.0805283479794645,0.012184920995042281,-0.8833725153485511,0.010440640990558227,0.05191775483956793,0.00032905082433403425,-0.06446163035649861,0.0003310310520862094,0.061363415909316835,0.00031342173712330237
15,13499.969524257991,3.749991534516109,13499842,999.9905537373428,899993,899.9534953560214,1000.043896317068,2.4239598810370078,0.012761668319573545,-1.0791164406301716,0.012021137288013772,-0.8856958146558074,0.010391409537911464,0.05194664090949063,0.0003268085186045672,-0.06449977805307831,0.00032902271040817044,0.06140071089956856,0.0003138314594995719
16,14399.97213809099,3.999992260580831,14399836,999.9905459476112,899994,899.9539970459882,1000.0444499987145,2.4228329625708613,0.013005176494340088,-1.0772936516223555,0.011906356605835968,-0.8883382268782548,0.01041903818343876,0.05197820269494984,0.0003252056255842841,-0.06448251641268088,0.0003326898683506522,0.06144043956364066,0.0003134371306164004
17,15299.974389382987,4.249992885939719,15299829,999.9904974100422,899993,899.9539176120306,1000.0434270991042,2.4236474843065,0.012570915266806587,-1.0758332407336502,0.011748717035213506,-0.8899014784206966,0.010395810121326721,0.051997872458267244,0.00032331537118382897,-0.0644955381142052,0.00032639101037673554,0.06148716976169726,0.00031327803535125367
18,16199.976984235982,4.499993606732217,16199821,999.9903713297782,899992,899.9539030329906,1000.0423321315469,2.4220584821407964,0.012684944193158337,-1.074608639725342,0.012148308621995573,-0.8912368370670151,0.010421697546575556,0.05201861267860458,0.00032883091242055687,-0.06447850368563773,0.0003268399273014511,0.06148864188631332,0.0003138265322511505
19,17099.978746638983,4.7499940962886065,17099814,999.9903656816524,899993,899.9524603679893,1000.0450464150008,2.4225210611186756,0.01276498574137293,-1.0739019987899239,0.012606260069847514,-0.893175148169728,0.010443672179813528,0.05202941988826145,0.00033452085566137687,-0.06450536018951769,0.00032878961740263223,0.06150595374838527,0.00031361326823224346
20,17999.993044057977,4.999998067793882,17999808,999.9897197705841,899994,899.9648553149891,1000.032384247939,2.422831472796161,0.012705531330904967,-1.0695099088230704,0.012538274692054376,-0.8957751652501991,0.010424231853768747,0.05210231776736048,0.00033461379080928664,-0.06450995550216244,0.0003275705809523375,0.06157906736898664,0.00031469426955978245
21,18899.99989263597,5.249999970176658,18899802,999.9895294901008,899994,899.9581119209761,1000.0398774993508,2.421239567135669,0.012904822867405382,-1.0701513182843994,0.012233080525783951,-0.8971187399468565,0.010416031505281864,0.05207403401032106,0.0003311162452533531,-0.06445973079724975,0.00033212518170774126,0.061592665310302636,0.0003140332389046332
22,19799.999949460966,5.499999985961379,19799794,999.9895985120459,899992,899.9514191499911,1000.0450922673662,2.4163766945997516,0.012689835110134428,-1.0699984639142905,0.012183885219130275,-0.8997076843808534,0.010439801734922793,0.052055823102382895,0.0003285783076761055,-0.06434915018936581,0.00032640222839266047,0.06159484539282474,0.00031433799865091623
23,20699.952803733002,5.749986889925834,20699738,999.9896229844078,899944,899.9036827580421,1000.0448017301521,2.417743810264505,0.012528236609387214,-1.0683903048170995,0.012370776406010473,-0.899986572701117,0.010421982100806497,0.05206101068747909,0.0003327766365852226,-0.06434348448445537,0.0003251648476821641,0.0616216495326347,0.0003140300925295377
24,21599.99832376896,5.999999534380266,21599781,999.9899387136193,900043,899.9971107819583,1000.0509881837307,2.4182672572904855,0.012757821079641064,-1.0699561390893324,0.011715311728719313,-0.8989981844067816,0.010446683578918202,0.05201948183599238,0.0003237439725360499,-0.06435595857567739,0.0003288273401958726,0.06164749975603144,0.00031444563636712236
25,22499.993740860955,6.249998261350266,22499775,999.9902781812531,899994,899.9461209339788,1000.0532021472258,2.418712439610653,0.012609017718153842,-1.0702880755612705,0.011827316743572578,-0.8992406395054157,0.010416564750752139,0.051995345507586714,0.000324892476686394,-0.06436870153097075,0.00032633806971512995,0.06167406388343756,0.0003152077884901474
26,23399.993051637954,6.499998069899432,23399767,999.9903396707232,899992,899.9509237289894,1000.0456427899873,2.4172362244819845,0.01239102765987769,-1.0706150952918914,0.011729425930222638,-0.8987047730346258,0.010432174547726096,0.051979344447325854,0.00032364223185732925,-0.06435805634516373,0.00032353561296843454,0.061728294503963034,0.0003145628786054437
27,24299.95353440597,6.749987092890547,24299712,999.9900602935052,899945,899.9110398970079,1000.0377371778837,2.416682873392641,0.012554289579277324,-1.0719097137321505,0.011793138002013813,-0.8983805280644164,0.01041215591380889,0.05195116036091471,0.00032372618789801375,-0.06437442656567825,0.0003259868195911352,0.061754691105542575,0.0003146144602167104
28,25199.957281398005,6.999988133721668,25199704,999.9899491338348,899992,899.9553213530453,1000.0407560754234,2.415410643761378,0.012615634148078245,-1.0713589716354923,0.011841209845542572,-0.8982592480917785,0.010433714616774337,0.05196086025803828,0.0003252699569650548,-0.06437982454970176,0.00032633887763524423,0.061803520580381056,0.0003147753334460422
29,26099.965263538004,7.249990350982779,26099698,999.9897600040725,899994,899.9588689630036,1000.039036269554,2.413617803461256,0.012458981662142942,-1.0710788524965944,0.011590227320088669,-0.898511501308344,0.010433161851536997,0.05197287178138945,0.00032216829479128953,-0.06437497728315554,0.000325186116495413,0.06183000773125565,0.00031508747230909784
30,26999.97020100197,7.499991722500547,26999691,999.9896592107366,899993,899.9566197599634,1000.0404244373983,2.414375818807191,0.012795308475830786,-1.0702446912901322,0.011945260383041707,-0.8990543427201624,0.01043797212513521,0.05199205424122332,0.00032695800277555525,-0.06441005831807282,0.0003290077320539304,0.06187225912880779,0.0003148080741940205
31,27899.970679738966,7.749991855483046,27899684,999.9897247297405,899993,899.9516434409888,1000.0459542013314,2.410470668536344,0.012567574665621365,-1.0713777538403186,0.011868957672691787,-0.8998886393004563,0.01041383095197633,0.05196699767488071,0.0003256352048962522,-0.06434796200178958,0.0003258177033807394,0.06189489291269175,0.0003150978332010964
32,28799.97199979698,7.999992222165828,28799677,999.9897569415351,899993,899.9522714969935,1000.0452562922462,2.4093389953970648,0.01263511651618539,-1.0691060333372815,0.011399496179581468,-0.9009297711901886,0.010441129881291688,0.05201479336218914,0.0003196238564688875,-0.06434250803987343,0.00032684877399079054,0.061931916446579485,0.00031478298306219333
33,29699.974782648962,8.249992995180268,29699670,999.9897379492343,899993,899.9534277970088,1000.0439713898174,2.4077018245903146,0.012786730899174686,-1.065305983358082,0.011853463160463817,-0.9026985074963768,0.010466293669103927,0.052088243230107904,0.0003255834408066999,-0.06431418989405985,0.00032906332372985633,0.06196595293660718,0.0003151750481184235
34,30599.97835406399,8.499993987239998,30599664,999.9897269841059,899994,899.9542845280375,1000.0441305437901,2.408232559492108,0.012619608754742603,-1.063256329287651,0.011816332189178762,-0.9055010132723573,0.010426658132271494,0.052112208795273965,0.0003251616028562299,-0.06429368259837553,0.00032633922844413777,0.06196584097375738,0.00031499041016068435
35,31499.980624665972,8.74999461796277,31499657,999.9897261947609,899993,899.953496186994,1000.0438953936768,2.408400170131024,0.012685434863268476,-1.0625368101774602,0.012568846596268137,-0.904810124440208,0.010449937598449158,0.05210804978564399,0.0003359577243350323,-0.0642627839122182,0.00032712687154517464,0.06198208080517294,0.0003156305246879599
36,32399.982427786977,8.999995118829716,32399651,999.9897707417676,899994,899.9523959279759,1000.0462291919132,2.4041126918867124,0.012861916011501466,-1.064659729444485,0.01163488697323232,-0.9061686486946967,0.010483531826183966,0.05205531049484007,0.0003231716859037184,-0.06418428011780279,0.0003303737382390701,0.061984667234328904,0.00031654143547435996
37,33299.98478625098,9.249995773958604,33299644,999.9897661739737,899993,899.9538283990114,1000.0435262340717,2.4046541807679063,0.012565381981675693,-1.06415413460758,0.011772881984958242,-0.9065764236074513,0.010435224312340353,0.05204125855452965,0.00032474162928419856,-0.06417077442833266,0.0003258732817976205,0.061994313134556944,0.00031460311658002796
38,34199.98758642096,9.4999965517836,34199637,999.9897489313388,899993,899.954211380973,1000.0431006583851,2.405073608935959,0.012546000109084963,-1.0659775801036564,0.011832387963752668,-0.9050776883718178,0.010454920752559138,0.051998692612022536,0.00032503854931278486,-0.06418251030414672,0.0003258452077782743,0.06200821342601498,0.0003154425226809033
39,35099.99024005199,9.749997288903332,35099630,999.9897367478017,899993,899.9535038780305,1000.0438868472642,2.4039974869996996,0.012748579713391498,-1.0639372453918086,0.01172121824623666,-0.9064724319204617,0.010452850426854964,0.05202921450760984,0.0003238885956562356,-0.06417051757329734,0.0003284153907767897,0.06200249948237075,0.0003154351483548526
40,35999.992925081984,9.999998034744996,35999624,999.989752079042,899994,899.9534014600213,1000.0451118245821,2.4032018679569855,0.01268527974841448,-1.0651447586540137,0.011897327032904501,-0.9057369699065894,0.010454026896117853,0.051994183046833994,0.00032700807918698005,-0.06414401006918645,0.0003283770222516697,0.06200722687470363,0.00031585989205063305
41,36899.993578480964,10.249998216244713,36899616,999.9897675190604,899992,899.952261583996,1000.04415613772,2.4044866399721214,0.012649796753735783,-1.0643970117480233,0.012830660773806521,-0.9043916963116573,0.010453354426399336,0.052006335895863426,0.0003398312996751934,-0.064185787147159,0.0003278460187837255,0.062027568302387585,0.00031600331923112057
42,37799.996755917964,10.499999098866102,37799611,999.9897948161092,899995,899.9539280839963,1000.0456377984717,2.4049012267501593,0.012608739204475746,-1.0654143592886856,0.01178203218429969,-0.9051384624298566,0.01044400543492786,0.05198275188727881,0.00032501791934548834,-0.06421368536007166,0.00032664386427405125,0.06205074808505313,0.00031607064771509835
43,38699.998813843995,10.74999967051222,38699603,999.9897722517796,899992,899.9536683890037,1000.0425928715474,2.402765763886668,0.012535724371258954,-1.0672076426709907,0.011752054982025488,-0.9050632378308061,0.010456797183205618,0.05194493107899225,0.00032487642511826783,-0.06418701081166844,0.00032597809683901244,0.06209935381952251,0.000315178363808988
44,39599.99999676697,10.999999999101936,39599562,999.9889394755807,899959,899.9525282320101,1000.0071912326338,2.4027341276192584,0.01260358597932439,-1.0658985220519492,0.011519093432947332,-0.9049342441988544,0.010463663671973178,0.0519726711543658,0.0003222763441316068,-0.06420913846292897,0.00032695430174076883,0.062138545177675655,0.0003161201835748685
45,40499.955219809955,11.24998756105832,40499540,999.9897476476776,899978,899.9552096379921,1000.0253238847488,2.402596347762301,0.012743603238524663,-1.066095047898993,0.01173991698684275,-0.905397031607147,0.010458897136005072,0.05197140466737354,0.000324795540479802,-0.0642257113103218,0.00032850573291598836,0.06215255416903659,0.00031560591007623047
46,41399.957462197985,11.499988183943884,41399532,999.9897231247551,899992,899.9538711719797,1000.0423675359834,2.4009988343587163,0.01251830316314022,-1.0657531763789565,0.011720746166546715,-0.9056491020415226,0.0104698650233679,0.05198109915921385,0.0003246310632769367,-0.06421133397040507,0.000325591154073255,0.06218069489170539,0.0003159386185906971
47,42299.96017642395,11.74998893789554,42299527,999.9897594129607,899995,899.953441102989,1000.0461789411684,2.4018725763596356,0.012575974827150036,-1.064133689663731,0.011853295135021527,-0.9062674613897765,0.0104779832461832,0.05201768719886622,0.00032648661060569997,-0.0642364042416829,0.00032645022591430505,0.06221596814836716,0.0003152156455061573
48,43199.961971401004,11.999989436500279,43199519,999.9897460233577,899992,899.9532743610325,1000.0430307217838,2.4007303400365347,0.012583077433619926,-1.064236141852783,0.01187512181241519,-0.9071875513524931,0.010469984720478005,0.05201421871887605,0.00032691265074631475,-0.06421878558803833,0.0003268258226635089,0.06221544878360097,0.0003154556997898739
49,44099.96427360899,12.249990076002497,44099513,999.989767030055,899994,899.9531146950321,1000.0454304833222,2.3987169364657426,0.012778880593586252,-1.0649850536120131,0.011591703175291762,-0.9083968651388399,0.010475649305189834,0.0519986454634513,0.00032255381112093686,-0.06417662129027525,0.00032958915309073695,0.06220843208229433,0.00031595524929883996
50,44999.96568086499,12.499990466906942,44999506,999.9897848618764,899993,899.9528624060331,1000.0445996625418,2.3999762233887703,0.012666083864164327,-1.0634484892674159,0.011737619833473044,-0.9089005950084966,0.010507909731688114,0.05202285938145786,0.0003248259079793132,-0.06419134733202968,0.00032760864528591234,0.06220986486537394,0.0003156079140948584
51,45899.96846849698,12.749991241249162,45899500,999.9897937076513,899994,899.9537069450016,1000.0447723640532,2.402730571612533,0.014796022649845884,-1.057711635359647,0.012890746623249906,-0.9093586771512705,0.010530674477575375,0.05212833093755124,0.00034174002778056224,-0.06423868568351723,0.0003579367545113357,0.06225929159826556,0.0003174723994177465
52,46799.97218041599,12.999992272337776,46799493,999.989761096136,899993,899.9548400570056,1000.042402064299,2.401205994180688,0.013564699742325239,-1.0579204893744227,0.012332869369642738,-0.9107401098936224,0.010546495033517806,0.05210971155078651,0.0003334343682463925,-0.06418454257067199,0.00034310255152185734,0.062256592404305956,0.00031697905380261064
53,47699.97482502001,13.249993006950001,47699486,999.989752090608,899993,899.953852673003,1000.0434992604129,2.3983881660832695,0.012596654214835313,-1.0607057996857752,0.011739240305207973,-0.9105864016913756,0.010551093583145389,0.05203420620676137,0.0003252595867750822,-0.0640939158052596,0.0003268030370058197,0.0621893994497765,0.0003158808739064061
54,48599.97673282499,13.499993536895829,48599479,999.9897585789449,899993,899.9532106170082,1000.0442127240866,2.3986775063612606,0.013332810214025612,-1.0579383693878066,0.011941157422252803,-0.9094897153918742,0.01056388529791767,0.05207925124508089,0.00032791492099818695,-0.06408625752334085,0.0003366846154767243,0.06220065717382658,0.00031639395287884976
55,49499.978675956954,13.74999407665471,49499472,999.9897641176723,899993,899.9529409239767,1000.0445124119292,2.40335109204526,0.017561207801258846,-1.055006029262806,0.014787867092463769,-0.9098584278425232,0.010592722581980154,0.05212298186249049,0.00037067568557304755,-0.06416188806937309,0.0004013641825666228,0.062226765643172456,0.0003184153772323371
56,50399.981173734996,13.999994770481944,50399465,999.9897584538134,899993,899.9532019910403,1000.0442223094175,2.4033008647886924,0.01881662942765966,-1.0573238950094925,0.015467237218911094,-0.9115694548519911,0.010826350753427342,0.05206698724985906,0.00038510234262192683,-0.06414471286365438,0.00043621637590276997,0.06230416158531166,0.0003290486010128502
57,51299.98552489298,14.249995979136939,51299460,999.9897558471488,899995,899.9550425870111,1000.0443993434094,2.400302012773571,0.013840982944652561,-1.0575957937771734,0.012503955376209137,-0.9119843833253597,0.010633094582461344,0.052010673292497075,0.0003356725925960509,-0.06400638375919045,0.00034177583049525075,0.062157906611394274,0.00031693638335004266
58,52199.987796816975,14.499996610226937,52199453,999.9897548478544,899993,899.9544702629792,1000.0428129847609,2.401387326581751,0.013896731287226422,-1.0586645252059428,0.013770130488186039,-0.9078417073960153,0.010693739444548694,0.051966259060708356,0.00035543605181337574,-0.06402167886068058,0.0003452210883766796,0.06209712771212719,0.0003195368773440842
59,53099.99044317799,14.749997345327218,53099446,999.9897468309609,899993,899.9541949399863,1000.0431189278653,2.397332416195825,0.01297213734379765,-1.0623423846830586,0.012577077236792094,-0.9022387863686328,0.010635730301966783,0.051899466972098234,0.0003368836088812632,-0.06399462464846205,0.0003347030726336245,0.062148463028805015,0.0003178009627034264
60,53999.99221716897,14.999997838102491,53999438,999.9897367176139,899992,899.9532332429662,1000.0430764128644,2.4021004033743076,0.013469820514415384,-1.0640127850011443,0.01293993325493065,-0.9023257388989472,0.010613607509183916,0.05188261657126174,0.00034193798607403905,-0.0641591890468773,0.0003415647554213399,0.062165942088474,0.0003172783537532636
61,54899.98350260098,15.249995417389162,54899432,999.989954412264,899994,899.9415709479945,1000.0582582844243,2.4259537893359173,0.01912888088085581,-1.0504656446049747,0.019764185737362695,-0.9013156000117324,0.011113347190911496,0.05217889546588087,0.0004579670717664325,-0.06464980513648767,0.00043170142368073925,0.06233986103492093,0.0003316711257444918
62,55799.98033655295,15.499994537931375,55799425,999.9900477285189,899993,899.9479525939678,1000.0500555681052,2.411607396292227,0.018511162739594602,-1.0546594124850062,0.017221603192517188,-0.9063862721749725,0.01056863771243448,0.0520652546413991,0.00041754908720126246,-0.06431392747061032,0.0004351590283344542,0.06226707734835292,0.0003239764725568017
63,56699.99186173797,15.74999773937166,56699419,999.9898966169277,899994,899.9622415790218,1000.0352886149118,2.3980141411504077,0.013002237327545556,-1.0625962102868483,0.013211475103795972,-0.9020872492875631,0.010910547798912101,0.05187602215385625,0.0003460936668388674,-0.06400632177063391,0.0003345003968497364,0.06215789809329627,0.00031699281241474457
64,57599.998784556985,15.99999966237694,57599411,999.9897954067815,899992,899.9582430979935,1000.0375094092035,2.401493705815074,0.012958115232255929,-1.0603114547829982,0.012638149356245796,-0.8995809439304561,0.010593148027061813,0.05193711320217616,0.0003371679091806771,-0.06413707044168328,0.00033297071314772504,0.06216832576137898,0.00031710342688019146
65,58499.95395429997,16.24998720952777,58499355,999.9897614568989,899944,899.9060419629677,1000.0421800002025,2.397605144453566,0.013134296538166633,-1.0626199344224596,0.012873185548328068,-0.8992016308812047,0.010596036493730317,0.05189790260826596,0.0003416220953991747,-0.06408690758094084,0.0003349945210207464,0.06210714336630469,0.0003166610222262714
66,59399.95884611196,16.499988568364433,59399348,999.9897163882969,899993,899.9557758789742,1000.0413621669236,2.3986803014059106,0.013168207866021176,-1.0639467646160357,0.012734055061311186,-0.8968618986437503,0.010632289413816269,0.05188544579157184,0.0003392139276490238,-0.06413490969388451,0.00033355845552918416,0.06212140422577408,0.00031740201233509523
67,60299.96260887,16.749989613575,60299342,999.9897079725566,899994,899.9550580740324,1000.0432709673869,2.3986494230881097,0.013185530776305372,-1.0610889664268874,0.01284101483035904,-0.8973796700117346,0.010584261037736234,0.051959646923369046,0.0003414468907612995,-0.06418116244724144,0.0003352078137824726,0.06218196486657423,0.0003160375244740205
68,61199.96309912397,16.999989749756658,61199334,999.9897205963515,899992,899.9518747879774,1000.0445859530345,2.397115739562651,0.01314647311904329,-1.0638296801324347,0.012420716319646526,-0.8969113604068412,0.010603513126969097,0.05191870508147416,0.00033436175404815923,-0.06417906255210622,0.0003341863489465127,0.06216480876621683,0.00031692000298053454
69,62099.967329608975,17.24999092489138,62099329,999.9897209348665,899995,899.9549824409769,1000.0444661786466,2.3990938409240607,0.012974721807167246,-1.0616484357880878,0.012680748101351292,-0.896418312220037,0.010596819175594598,0.05199452306308502,0.00033968662563209253,-0.0642574181263544,0.00033247736117181573,0.06221352738660538,0.0003165005529024041
70,62999.96198785398,17.49998944107055,62999321,999.9898255834804,899992,899.9466136040282,1000.0504323204128,2.3984901560989424,0.012828829581848998,-1.0554732179421555,0.01285013834982717,-0.8984983309659818,0.010594794239815184,0.052129781688851136,0.0003415134365924029,-0.06425746962986728,0.00033010742381802907,0.062198141232008834,0.0003161712332126241
71,63899.96229970595,17.749989527696098,63899314,999.9898544587098,899993,899.9508653559606,1000.0468188271843,2.3913400286282447,0.01321599688995428,-1.0638164344227563,0.012193255107362149,-0.8986947246328254,0.010593153210491863,0.05197224906796474,0.0003324444252750056,-0.06411510272850103,0.0003367413861033301,0.06213569380610326,0.0003167411924413113
72,64799.961105668976,17.99998919601916,64799307,999.9899057706546,899993,899.9498268030002,1000.0479728932814,2.4005844761650037,0.01731043260632518,-1.0605610953762583,0.013671294284435464,-0.8971071315361797,0.010622390505191861,0.05206312547919095,0.0003533542256818005,-0.0643256427177497,0.00040650203332274294,0.06224212573710748,0.000320601326234542
73,65699.961088699,18.24998919130528,65699302,999.9899682025974,899995,899.9507453929982,1000.0491744767459,2.3920953259025,0.016730230068749928,-1.0676551669490586,0.013491983481306894,-0.9020804220299747,0.011008099777956411,0.05194133569855853,0.00034917722388043496,-0.06417687282181245,0.0003945052579081455,0.062300654674496775,0.00032470072940427583
74,66599.967264309,18.4999909067525,66599295,999.9899059363448,899993,899.9577419080306,1000.0391774972619,2.387045422408919,0.012673335637130145,-1.061121949155149,0.011833469532628729,-0.9045302427685195,0.010602428915910837,0.05203930220662239,0.00032776337721849343,-0.06402147496902809,0.0003286694556879121,0.06217738500917307,0.0003165272044691619
75,67499.97840723197,18.749994002008883,67499288,999.9897717414395,899993,899.962371659989,1000.0340329117922,2.390267381518723,0.013079366198958513,-1.0574898364180345,0.013168456662341987,-0.9026257227948274,0.010645802780419465,0.052116217573142234,0.0003460800345207775,-0.06407923145012584,0.00033385788939265497,0.06221720364161377,0.00031766161077380307
76,68399.98264283396,18.999995178564987,68399281,999.989742061228,899993,899.9558626199723,1000.0412657793235,2.405132559287661,0.020688352722836326,-1.055640530107584,0.01474738811171866,-0.9030580292380351,0.010675067590774542,0.05216646129314205,0.0003712487705506197,-0.06438719880194246,0.0004582995776243976,0.06225666972708732,0.00032134339633467263
77,69299.97279000195,19.249992441667207,69299273,999.989902016209,899992,899.9414119949797,1000.0562125537796,2.3986602432186284,0.020346321531863734,-1.0595360069715016,0.014911704059800452,-0.9062348105727595,0.01124758994123795,0.05209048292789957,0.00037416776716292835,-0.06425213338606423,0.00046375917773786685,0.06237974053901923,0.0003298543093279386
78,69325.77287676797,19.257159132435547,69325059,999.9897025775791,25786,25.75083202996757,1001.3657022806682,2.3742398650108583,0.012545601468125408,-1.0805116800263708,0.011933012089262288,-0.9108613361921586,0.010625141614030933,0.0516585552520864,0.00032614268145584864,-0.06371773841935546,0.0003298844965416295,0.06222481753992089,0.0003152094983078247
