source,target,size_bytes,mtime,sha256
"/Users/andyl/Downloads/IMG_1166.HEIC","/Users/andyl/Documents/UR10e/ft_sensor/onrobot/hex_e_v2_3010007655/photos_raw/IMG_1166.HEIC",2333748,"2026-05-18T23:23:35+0800",1a7a6141b48e9ea7ebd7b4b7054623ee509a945a23452fc651d233a0bf2bb4d8
"/Users/andyl/Downloads/IMG_1167.HEIC","/Users/andyl/Documents/UR10e/ft_sensor/onrobot/hex_e_v2_3010007655/photos_raw/IMG_1167.HEIC",2539027,"2026-05-18T23:24:29+0800",56a31c632897643a6a2f84912d2daf09195786814bd6aa90b8536faafe36e493
"/Users/andyl/Downloads/IMG_1168.HEIC","/Users/andyl/Documents/UR10e/ft_sensor/onrobot/hex_e_v2_3010007655/photos_raw/IMG_1168.HEIC",2267861,"2026-05-18T23:24:16+0800",d635b553f4b54b5479b19d0016efe378371b08760fa65f6f0dfd5d131fa5e5e9
"/Users/andyl/Downloads/IMG_1169.HEIC","/Users/andyl/Documents/UR10e/ft_sensor/onrobot/hex_e_v2_3010007655/photos_raw/IMG_1169.HEIC",2298176,"2026-05-18T23:24:45+0800",16bcf049238d53824cfdb2a5e13bb94b642738b917417a7fc17b5d671f09aed5
"/Users/andyl/Downloads/IMG_1170.HEIC","/Users/andyl/Documents/UR10e/ft_sensor/onrobot/hex_e_v2_3010007655/photos_raw/IMG_1170.HEIC",1264627,"2026-05-18T23:41:01+0800",5add9c4d02725d2970c5837695db05da18e06df7a383dd0beb57d08a6d0f1584
"/Users/andyl/Downloads/IMG_1171.HEIC","/Users/andyl/Documents/UR10e/ft_sensor/onrobot/hex_e_v2_3010007655/photos_raw/IMG_1171.HEIC",2393156,"2026-05-18T23:56:49+0800",95210c980fac2b3526a3ca3f2b301699da1307d4eaaadcc181479af2834cd82d
"/Users/andyl/Downloads/IMG_1172.HEIC","/Users/andyl/Documents/UR10e/ft_sensor/onrobot/hex_e_v2_3010007655/photos_raw/IMG_1172.HEIC",1236815,"2026-05-18T23:56:45+0800",ed93e15799a5763224e1874b056a9bd7c85907bdf376df0c863a43fca81aa425
"/Users/andyl/Downloads/IMG_1173.HEIC","/Users/andyl/Documents/UR10e/ft_sensor/onrobot/hex_e_v2_3010007655/photos_raw/IMG_1173.HEIC",1811825,"2026-05-18T23:56:39+0800",6fca38ae23f933af15158712bd477ec920b8c81ef673d9c7ca1b49d91755dbd7
"/Users/andyl/Downloads/IMG_1174.HEIC","/Users/andyl/Documents/UR10e/ft_sensor/onrobot/hex_e_v2_3010007655/photos_raw/IMG_1174.HEIC",1598892,"2026-05-18T23:43:01+0800",7dc90df51bb621a71d375f57632880d590da97030f392626010ebf6e6c4f868c
"/Users/andyl/Downloads/IMG_1175.HEIC","/Users/andyl/Documents/UR10e/ft_sensor/onrobot/hex_e_v2_3010007655/photos_raw/IMG_1175.HEIC",3417473,"2026-05-18T23:57:27+0800",848ec642bf4732dd308eb863b7afee13f1da65307179a9a839a7f070931b321d
"/Users/andyl/Downloads/IMG_1176.HEIC","/Users/andyl/Documents/UR10e/ft_sensor/onrobot/hex_e_v2_3010007655/photos_raw/IMG_1176.HEIC",913681,"2026-05-18T23:48:06+0800",31f225e0417abf035e46a915c91a32de6220dbf77200de26515a9263cfb88a3e
"/Users/andyl/Downloads/IMG_1178.HEIC","/Users/andyl/Documents/UR10e/ft_sensor/onrobot/hex_e_v2_3010007655/photos_raw/IMG_1178.HEIC",926272,"2026-05-18T23:47:54+0800",5babb6292484ec71cffedfbd747f63c9dcbdbc826246cb1ea46607a59ced4b49
"/Users/andyl/Downloads/IMG_1179.HEIC","/Users/andyl/Documents/UR10e/ft_sensor/onrobot/hex_e_v2_3010007655/photos_raw/IMG_1179.HEIC",733565,"2026-05-18T23:47:48+0800",a83f2e95cb1fae2353aae879bddc61b171a6590d6a07007acacc9ee3dcb8239d
"/Users/andyl/Downloads/IMG_1180.HEIC","/Users/andyl/Documents/UR10e/ft_sensor/onrobot/hex_e_v2_3010007655/photos_raw/IMG_1180.HEIC",860473,"2026-05-18T23:47:42+0800",1a22a886243be35250e5810f07280915619c17d7521f7183c2a12aefab3548c6
"/Users/andyl/Downloads/IMG_1181.HEIC","/Users/andyl/Documents/UR10e/ft_sensor/onrobot/hex_e_v2_3010007655/photos_raw/IMG_1181.HEIC",760419,"2026-05-18T23:47:37+0800",f8be5aa2e531d9b9c336d7e6ad3e160648f7747ef4a8887d2a5591ade94aff09
"/Users/andyl/Downloads/IMG_1182.HEIC","/Users/andyl/Documents/UR10e/ft_sensor/onrobot/hex_e_v2_3010007655/photos_raw/IMG_1182.HEIC",817512,"2026-05-18T23:47:31+0800",48ccbc09872408dd7546740054a1ca947d54094127d866a03e29e59a0032865c
"/Users/andyl/Downloads/IMG_1183.HEIC","/Users/andyl/Documents/UR10e/ft_sensor/onrobot/hex_e_v2_3010007655/photos_raw/IMG_1183.HEIC",830770,"2026-05-18T23:47:25+0800",3b1b5439429f1893cb8c151b6adc381a80d0682da4efb7d76f6baa0a87f1861c
"/Users/andyl/Downloads/IMG_1184.HEIC","/Users/andyl/Documents/UR10e/ft_sensor/onrobot/hex_e_v2_3010007655/photos_raw/IMG_1184.HEIC",1143716,"2026-05-18T23:56:28+0800",76b2eb7b6271091ab07a700a518be3c931b553aadae1425bd8339847be8e5b97
"/Users/andyl/Downloads/IMG_1185.HEIC","/Users/andyl/Documents/UR10e/ft_sensor/onrobot/hex_e_v2_3010007655/photos_raw/IMG_1185.HEIC",1166444,"2026-05-18T23:56:23+0800",2c545cdc9240c5d4c979350c187c7977fa314b2bc162493454017856f9698c4c
"/Users/andyl/Downloads/IMG_1186.HEIC","/Users/andyl/Documents/UR10e/ft_sensor/onrobot/hex_e_v2_3010007655/photos_raw/IMG_1186.HEIC",1098291,"2026-05-18T23:56:17+0800",ff6a85e9ddb4204f04d4120b372ebd5e676a4adf111a4d33e16742c5f515bd54
"/Users/andyl/Downloads/IMG_1187.HEIC","/Users/andyl/Documents/UR10e/ft_sensor/onrobot/hex_e_v2_3010007655/photos_raw/IMG_1187.HEIC",1062131,"2026-05-18T23:56:12+0800",75880280a1d3b52f26b5b218ef510e71a758a79295e993992f0540baadc91129
"/Users/andyl/Downloads/IMG_1188.HEIC","/Users/andyl/Documents/UR10e/ft_sensor/onrobot/hex_e_v2_3010007655/photos_raw/IMG_1188.HEIC",1644594,"2026-05-18T23:56:06+0800",5b1c8955ee14be300a649d742cdd7bd67efacb477ee660b38f2619bc8e3df46b
"/Users/andyl/Downloads/IMG_1189.HEIC","/Users/andyl/Documents/UR10e/ft_sensor/onrobot/hex_e_v2_3010007655/photos_raw/IMG_1189.HEIC",2411232,"2026-05-18T23:56:00+0800",5c211f80eb0a6958891af8c32891507a1b9d572aa7fdf252124dda03628dd4cc
"/Users/andyl/Downloads/IMG_1190.HEIC","/Users/andyl/Documents/UR10e/ft_sensor/onrobot/hex_e_v2_3010007655/photos_raw/IMG_1190.HEIC",705465,"2026-05-18T23:55:56+0800",0d3685a8c31cce6e7d0cdd72ad4e46ccb3984cd1c0e523a130414b1e389b6e85
"/Users/andyl/Downloads/IMG_1191.HEIC","/Users/andyl/Documents/UR10e/ft_sensor/onrobot/hex_e_v2_3010007655/photos_raw/IMG_1191.HEIC",668357,"2026-05-18T23:55:50+0800",a3f0cd34549f741994ad835398bc87757c8adff8b57c55868c5fdb3eb5f62cd9
"/Users/andyl/Downloads/IMG_1192.HEIC","/Users/andyl/Documents/UR10e/ft_sensor/onrobot/hex_e_v2_3010007655/photos_raw/IMG_1192.HEIC",2730544,"2026-05-18T23:55:44+0800",ec0c3c2051ad61962ab01d7114f9397efc2ae69dc754493c8f59ae9b195ee918
"/Users/andyl/Downloads/IMG_1193.HEIC","/Users/andyl/Documents/UR10e/ft_sensor/onrobot/hex_e_v2_3010007655/photos_raw/IMG_1193.HEIC",811043,"2026-05-18T23:55:39+0800",c69007ecd671de6a95e10acd4868a483d80d72eb83895eb69e7f6415bf9f1ef4
"/Users/andyl/Downloads/IMG_1194.HEIC","/Users/andyl/Documents/UR10e/ft_sensor/onrobot/hex_e_v2_3010007655/photos_raw/IMG_1194.HEIC",731837,"2026-05-18T23:55:33+0800",bdef99dc211a86d89921eadd53df011389e5d43bd118b2e8b5cb1d0848d97832
"/Users/andyl/Downloads/IMG_1195.HEIC","/Users/andyl/Documents/UR10e/ft_sensor/onrobot/hex_e_v2_3010007655/photos_raw/IMG_1195.HEIC",931776,"2026-05-18T23:55:27+0800",484361296f361c52b2fb618c6fc74c34e1a8aadc076018406f2da9117dac1820
"/Users/andyl/Downloads/IMG_1196.HEIC","/Users/andyl/Documents/UR10e/ft_sensor/onrobot/hex_e_v2_3010007655/photos_raw/IMG_1196.HEIC",801764,"2026-05-18T23:55:22+0800",443e798e190242e350885d34d0b0a9306bec406dc89d99ada2fe71ab1589c0d9
"/Users/andyl/Downloads/IMG_1197.HEIC","/Users/andyl/Documents/UR10e/ft_sensor/onrobot/hex_e_v2_3010007655/photos_raw/IMG_1197.HEIC",645889,"2026-05-18T23:55:18+0800",296ebd0c3749fedd0cab3f309cb810158b90606dc4e982f28221e8f78bf5a098
"/Users/andyl/Downloads/IMG_1198.HEIC","/Users/andyl/Documents/UR10e/ft_sensor/onrobot/hex_e_v2_3010007655/photos_raw/IMG_1198.HEIC",617663,"2026-05-18T23:55:12+0800",7930487e719d40ffbab268eab39c9660d62e2bf54b16f875c46c116759e5284f
"/Users/andyl/Downloads/IMG_1199.HEIC","/Users/andyl/Documents/UR10e/ft_sensor/onrobot/hex_e_v2_3010007655/photos_raw/IMG_1199.HEIC",653244,"2026-05-18T23:55:07+0800",6866f1584c1684d154cbf5c8898bd69e1a17031ac3d28f5940739b67e5020824
"/Users/andyl/Downloads/IMG_1200.HEIC","/Users/andyl/Documents/UR10e/ft_sensor/onrobot/hex_e_v2_3010007655/photos_raw/IMG_1200.HEIC",669237,"2026-05-18T23:55:01+0800",1b609c38c54c4a8389e23c0e778eb902591e8964713ffff763ab9276c0f9f216
"/Users/andyl/Downloads/IMG_1201.HEIC","/Users/andyl/Documents/UR10e/ft_sensor/onrobot/hex_e_v2_3010007655/photos_raw/IMG_1201.HEIC",595975,"2026-05-18T23:54:56+0800",2f1353814b93ffcaba196e23802cabf12d4bc8c5d1fc8424cc387457f754eeee
"/Users/andyl/Downloads/IMG_1202.HEIC","/Users/andyl/Documents/UR10e/ft_sensor/onrobot/hex_e_v2_3010007655/photos_raw/IMG_1202.HEIC",1344077,"2026-05-18T23:54:50+0800",e431752b4a42406d3730e02e5433b6197a4b56e5d9f1569a9b66609fe304112b
"/Users/andyl/Downloads/IMG_1203.HEIC","/Users/andyl/Documents/UR10e/ft_sensor/onrobot/hex_e_v2_3010007655/photos_raw/IMG_1203.HEIC",940872,"2026-05-18T23:54:45+0800",ae1529b598f7015d8c605207897f7e4fc8562839609032bfe9cb1d0f81b58a8b
"/Users/andyl/Downloads/IMG_1204.HEIC","/Users/andyl/Documents/UR10e/ft_sensor/onrobot/hex_e_v2_3010007655/photos_raw/IMG_1204.HEIC",1032497,"2026-05-18T23:54:39+0800",644acf548e7bba8b7d790337216a6f640206cc667bed8481dc1f9614b6853d42
"/Users/andyl/Downloads/IMG_1205.HEIC","/Users/andyl/Documents/UR10e/ft_sensor/onrobot/hex_e_v2_3010007655/photos_raw/IMG_1205.HEIC",997834,"2026-05-18T23:54:34+0800",b3d379953230b36b1f5f2e5ed9257b644eb427b7db4ca542b03d06d838886205
