Compute_Box_update/Compute_Box_SW_update_v4.1.8.osu	99991216
Datasheet/HEX-E/v2/CZ_HEX-E_Datasheet_October_2018.pdf	410061
Datasheet/HEX-E/v2/DA_HEX-E_Datasheet_October_2018.pdf	409444
Datasheet/HEX-E/v2/DE_HEX-E_Datasheet_October_2018.pdf	409978
Datasheet/HEX-E/v2/EN_HEX-E_Datasheet_October_2018.pdf	398875
Datasheet/HEX-E/v2/ES_HEX-E_Datasheet_October_2018.pdf	409426
Datasheet/HEX-E/v2/FR_HEX-E_Datasheet_October_2018.pdf	413440
Datasheet/HEX-E/v2/HU_HEX-E_Datasheet_October_2018.pdf	411077
Datasheet/HEX-E/v2/IT_HEX-E_Datasheet_October_2018.pdf	404665
Datasheet/HEX-E/v2/JP_HEX-E_Datasheet_October_2018.pdf	729486
Datasheet/HEX-E/v2/KR_HEX-E_Datasheet_October_2018.pdf	442019
Datasheet/HEX-E/v2/NL_HEX-E_Datasheet_October_2018.pdf	405539
Datasheet/HEX-E/v2/NO_HEX-E_Datasheet_October_2018.pdf	410896
Datasheet/HEX-E/v2/PL_HEX-E_Datasheet_October_2018.pdf	415435
Datasheet/HEX-E/v2/PT_HEX-E_Datasheet_October_2018.pdf	412165
Datasheet/HEX-E/v2/RO_HEX-E_Datasheet_October_2018.pdf	384649
Datasheet/HEX-E/v2/RU_HEX-E_Datasheet_October_2018.pdf	418297
Datasheet/HEX-E/v2/SE_HEX-E_Datasheet_October_2018.pdf	409448
Datasheet/HEX-E/v2/SK_HEX-E_Datasheet_October_2018.pdf	413990
Datasheet/HEX-E/v2/SL_HEX-E_Datasheet_October_2018.pdf	411695
Datasheet/HEX-E/v2/TH_HEX-E_Datasheet_October_2018.pdf	519479
Datasheet/HEX-E/v2/TR_HEX-E_Datasheet_October_2018.pdf	414224
Datasheet/HEX-E/v2/VI_HEX-E_Datasheet_October_2018.pdf	413925
Datasheet/HEX-E/v2/ZH-CN_HEX-E_Datasheet_October_2018.pdf	455351
Datasheet/HEX-H/v2/CZ_HEX-H_Datasheet_October_2018.pdf	411417
Datasheet/HEX-H/v2/DA_HEX-H_Datasheet_October_2018.pdf	410853
Datasheet/HEX-H/v2/DE_HEX-H_Datasheet_October_2018.pdf	411386
Datasheet/HEX-H/v2/EN_HEX-H_Datasheet_October_2018.pdf	401086
Datasheet/HEX-H/v2/ES_HEX-H_Datasheet_October_2018.pdf	410445
Datasheet/HEX-H/v2/FR_HEX-H_Datasheet_October_2018.pdf	414694
Datasheet/HEX-H/v2/HU_HEX-H_Datasheet_October_2018.pdf	412539
Datasheet/HEX-H/v2/IT_HEX-H_Datasheet_October_2018.pdf	407328
Datasheet/HEX-H/v2/JP_HEX-H_Datasheet_October_2018.pdf	730960
Datasheet/HEX-H/v2/KR_HEX-H_Datasheet_October_2018.pdf	443511
Datasheet/HEX-H/v2/NL_HEX-H_Datasheet_October_2018.pdf	408147
Datasheet/HEX-H/v2/NO_HEX-H_Datasheet_October_2018.pdf	412192
Datasheet/HEX-H/v2/PL_HEX-H_Datasheet_October_2018.pdf	416712
Datasheet/HEX-H/v2/PT_HEX-H_Datasheet_October_2018.pdf	413409
Datasheet/HEX-H/v2/RO_HEX-H_Datasheet_October_2018.pdf	386078
Datasheet/HEX-H/v2/RU_HEX-H_Datasheet_October_2018.pdf	422759
Datasheet/HEX-H/v2/SE_HEX-H_Datasheet_October_2018.pdf	410614
Datasheet/HEX-H/v2/SK_HEX-H_Datasheet_October_2018.pdf	415070
Datasheet/HEX-H/v2/SL_HEX-H_Datasheet_October_2018.pdf	413198
Datasheet/HEX-H/v2/TH_HEX-H_Datasheet_October_2018.pdf	520646
Datasheet/HEX-H/v2/TR_HEX-H_Datasheet_October_2018.pdf	415136
Datasheet/HEX-H/v2/VI_HEX-H_Datasheet_October_2018.pdf	442716
Datasheet/HEX-H/v2/ZH-CN_HEX-H_Datasheet_October_2018.pdf	457963
HEX User Manual for KUKA/User Manual for the KUKA KRC4 HEX Sensor Kit_E9_CH.pdf	1536018
HEX User Manual for KUKA/User Manual for the KUKA KRC4 HEX Sensor Kit_E9_CS.pdf	1481658
HEX User Manual for KUKA/User Manual for the KUKA KRC4 HEX Sensor Kit_E9_DA.pdf	1456533
HEX User Manual for KUKA/User Manual for the KUKA KRC4 HEX Sensor Kit_E9_DE.pdf	1460262
HEX User Manual for KUKA/User Manual for the KUKA KRC4 HEX Sensor Kit_E9_EN.pdf	1430608
HEX User Manual for KUKA/User Manual for the KUKA KRC4 HEX Sensor Kit_E9_ES.pdf	1473639
HEX User Manual for KUKA/User Manual for the KUKA KRC4 HEX Sensor Kit_E9_FR.pdf	1456914
HEX User Manual for KUKA/User Manual for the KUKA KRC4 HEX Sensor Kit_E9_HU.pdf	1446570
HEX User Manual for KUKA/User Manual for the KUKA KRC4 HEX Sensor Kit_E9_IT.pdf	1466477
HEX User Manual for KUKA/User Manual for the KUKA KRC4 HEX Sensor Kit_E9_JP.pdf	1598193
HEX User Manual for KUKA/User Manual for the KUKA KRC4 HEX Sensor Kit_E9_KO.pdf	1643990
HEX User Manual for KUKA/User Manual for the KUKA KRC4 HEX Sensor Kit_E9_NL.pdf	1444553
HEX User Manual for KUKA/User Manual for the KUKA KRC4 HEX Sensor Kit_E9_NO.pdf	1467528
HEX User Manual for KUKA/User Manual for the KUKA KRC4 HEX Sensor Kit_E9_PL.pdf	1486462
HEX User Manual for KUKA/User Manual for the KUKA KRC4 HEX Sensor Kit_E9_PT.pdf	1463936
HEX User Manual for KUKA/User Manual for the KUKA KRC4 HEX Sensor Kit_E9_RO.pdf	1459662
HEX User Manual for KUKA/User Manual for the KUKA KRC4 HEX Sensor Kit_E9_RU.pdf	1549009
HEX User Manual for KUKA/User Manual for the KUKA KRC4 HEX Sensor Kit_E9_SK.pdf	1461009
HEX User Manual for KUKA/User Manual for the KUKA KRC4 HEX Sensor Kit_E9_SL.pdf	1446578
HEX User Manual for KUKA/User Manual for the KUKA KRC4 HEX Sensor Kit_E9_SV.pdf	1468670
HEX User Manual for KUKA/User Manual for the KUKA KRC4 HEX Sensor Kit_E9_TR.pdf	1451366
HEX User Manual for UR/E13/User Manual for the UR HEX Sensor Kit_E13_CH.pdf	3493347
HEX User Manual for UR/E13/User Manual for the UR HEX Sensor Kit_E13_CS.pdf	3262375
HEX User Manual for UR/E13/User Manual for the UR HEX Sensor Kit_E13_DA.pdf	3162961
HEX User Manual for UR/E13/User Manual for the UR HEX Sensor Kit_E13_DE.pdf	3238820
HEX User Manual for UR/E13/User Manual for the UR HEX Sensor Kit_E13_EN.pdf	2890608
HEX User Manual for UR/E13/User Manual for the UR HEX Sensor Kit_E13_ES.pdf	3212962
HEX User Manual for UR/E13/User Manual for the UR HEX Sensor Kit_E13_FR.pdf	3254664
HEX User Manual for UR/E13/User Manual for the UR HEX Sensor Kit_E13_HU.pdf	3263800
HEX User Manual for UR/E13/User Manual for the UR HEX Sensor Kit_E13_IT.pdf	3159245
HEX User Manual for UR/E13/User Manual for the UR HEX Sensor Kit_E13_JP.pdf	3587285
HEX User Manual for UR/E13/User Manual for the UR HEX Sensor Kit_E13_KO.pdf	3355149
HEX User Manual for UR/E13/User Manual for the UR HEX Sensor Kit_E13_NL.pdf	3232493
HEX User Manual for UR/E13/User Manual for the UR HEX Sensor Kit_E13_NO.pdf	3121737
HEX User Manual for UR/E13/User Manual for the UR HEX Sensor Kit_E13_PL.pdf	3327307
HEX User Manual for UR/E13/User Manual for the UR HEX Sensor Kit_E13_PT.pdf	3219165
HEX User Manual for UR/E13/User Manual for the UR HEX Sensor Kit_E13_RO.pdf	3196646
HEX User Manual for UR/E13/User Manual for the UR HEX Sensor Kit_E13_RU.pdf	3160732
HEX User Manual for UR/E13/User Manual for the UR HEX Sensor Kit_E13_SK.pdf	3314113
HEX User Manual for UR/E13/User Manual for the UR HEX Sensor Kit_E13_SL.pdf	3180701
HEX User Manual for UR/E13/User Manual for the UR HEX Sensor Kit_E13_SV.pdf	3126268
HEX User Manual for UR/E13/User Manual for the UR HEX Sensor Kit_E13_TR.pdf	3165698
HEX User Manual for UR/E14/User Manual for the UR HEX Sensor Kit_E14.pdf	3164162
HEX User Manual for UR/E14/User Manual for the UR HEX Sensor Kit_E14_cn.pdf	3825652
HEX User Manual for UR/E14/User Manual for the UR HEX Sensor Kit_E14_cz.pdf	3586075
HEX User Manual for UR/E14/User Manual for the UR HEX Sensor Kit_E14_de.pdf	3627690
HEX User Manual for UR/E14/User Manual for the UR HEX Sensor Kit_E14_dk.pdf	3521975
HEX User Manual for UR/E14/User Manual for the UR HEX Sensor Kit_E14_en.pdf	3160962
HEX User Manual for UR/E14/User Manual for the UR HEX Sensor Kit_E14_es.pdf	3484668
HEX User Manual for UR/E14/User Manual for the UR HEX Sensor Kit_E14_fr.pdf	3550011
HEX User Manual for UR/E14/User Manual for the UR HEX Sensor Kit_E14_hu.pdf	3707886
HEX User Manual for UR/E14/User Manual for the UR HEX Sensor Kit_E14_it.pdf	3655370
HEX User Manual for UR/E14/User Manual for the UR HEX Sensor Kit_E14_jp.pdf	3957199
HEX User Manual for UR/E14/User Manual for the UR HEX Sensor Kit_E14_kr.pdf	3710125
HEX User Manual for UR/E14/User Manual for the UR HEX Sensor Kit_E14_nl.pdf	3603094
HEX User Manual for UR/E14/User Manual for the UR HEX Sensor Kit_E14_no.pdf	3493608
HEX User Manual for UR/E14/User Manual for the UR HEX Sensor Kit_E14_pl.pdf	3854695
HEX User Manual for UR/E14/User Manual for the UR HEX Sensor Kit_E14_pt.pdf	3805929
HEX User Manual for UR/E14/User Manual for the UR HEX Sensor Kit_E14_ro.pdf	3690285
HEX User Manual for UR/E14/User Manual for the UR HEX Sensor Kit_E14_ru.pdf	3653030
HEX User Manual for UR/E14/User Manual for the UR HEX Sensor Kit_E14_se.pdf	3643990
HEX User Manual for UR/E14/User Manual for the UR HEX Sensor Kit_E14_si.pdf	3692982
HEX User Manual for UR/E14/User Manual for the UR HEX Sensor Kit_E14_sk.pdf	3787425
HEX User Manual for UR/E14/User Manual for the UR HEX Sensor Kit_E14_tr.pdf	3605451
Interfaces and Softwares/EtherCAT/Converter/ESI/OptoForce_EtherCAT_Converter_ESI_v1_2.xml	70673
Interfaces and Softwares/EtherCAT/Converter/Manual/E4/User_Manual_EtherCAT_Converter_E4.pdf	943474
Interfaces and Softwares/Ethernet/Example/highspeed_udp.c	5407
Interfaces and Softwares/Ethernet/Example/readme_highspeed_udp_c.txt	1585
Interfaces and Softwares/Ethernet/Example/readme_tcp_c.txt	1522
Interfaces and Softwares/Ethernet/Example/tcp.c	7174
Interfaces and Softwares/Ethernet/Manual/OnRobot Compute Box Description/E10/OnRobot Compute Box Description_E10_CH.pdf	2640283
Interfaces and Softwares/Ethernet/Manual/OnRobot Compute Box Description/E10/OnRobot Compute Box Description_E10_CZ.pdf	1057958
Interfaces and Softwares/Ethernet/Manual/OnRobot Compute Box Description/E10/OnRobot Compute Box Description_E10_DA.pdf	1049922
Interfaces and Softwares/Ethernet/Manual/OnRobot Compute Box Description/E10/OnRobot Compute Box Description_E10_DE.pdf	1046841
Interfaces and Softwares/Ethernet/Manual/OnRobot Compute Box Description/E10/OnRobot Compute Box Description_E10_EN.pdf	1013797
Interfaces and Softwares/Ethernet/Manual/OnRobot Compute Box Description/E10/OnRobot Compute Box Description_E10_ES.pdf	2541430
Interfaces and Softwares/Ethernet/Manual/OnRobot Compute Box Description/E10/OnRobot Compute Box Description_E10_FR.pdf	1037578
Interfaces and Softwares/Ethernet/Manual/OnRobot Compute Box Description/E10/OnRobot Compute Box Description_E10_HU.pdf	2598906
Interfaces and Softwares/Ethernet/Manual/OnRobot Compute Box Description/E10/OnRobot Compute Box Description_E10_IT.pdf	2537385
Interfaces and Softwares/Ethernet/Manual/OnRobot Compute Box Description/E10/OnRobot Compute Box Description_E10_JP.pdf	1169237
Interfaces and Softwares/Ethernet/Manual/OnRobot Compute Box Description/E10/OnRobot Compute Box Description_E10_KO.pdf	2805011
Interfaces and Softwares/Ethernet/Manual/OnRobot Compute Box Description/E10/OnRobot Compute Box Description_E10_NL.pdf	1081063
Interfaces and Softwares/Ethernet/Manual/OnRobot Compute Box Description/E10/OnRobot Compute Box Description_E10_NO.pdf	2539444
Interfaces and Softwares/Ethernet/Manual/OnRobot Compute Box Description/E10/OnRobot Compute Box Description_E10_PL.pdf	1018954
Interfaces and Softwares/Ethernet/Manual/OnRobot Compute Box Description/E10/OnRobot Compute Box Description_E10_PT.pdf	2519252
Interfaces and Softwares/Ethernet/Manual/OnRobot Compute Box Description/E10/OnRobot Compute Box Description_E10_RO.pdf	2582331
Interfaces and Softwares/Ethernet/Manual/OnRobot Compute Box Description/E10/OnRobot Compute Box Description_E10_RU.pdf	2636835
Interfaces and Softwares/Ethernet/Manual/OnRobot Compute Box Description/E10/OnRobot Compute Box Description_E10_SK.pdf	2558145
Interfaces and Softwares/Ethernet/Manual/OnRobot Compute Box Description/E10/OnRobot Compute Box Description_E10_SL.pdf	2556182
Interfaces and Softwares/Ethernet/Manual/OnRobot Compute Box Description/E10/OnRobot Compute Box Description_E10_SV.pdf	2508027
Interfaces and Softwares/Ethernet/Manual/OnRobot Compute Box Description/E10/OnRobot Compute Box Description_E10_TR.pdf	2646578
Interfaces and Softwares/Ethernet/Manual/OnRobot Compute Box Description/E11/OnRobot Compute Box Description_E11.pdf	1046994
Interfaces and Softwares/Ethernet/Manual/OnRobot Compute Box Description/E11/OnRobot Compute Box Description_E11_cn.pdf	1277802
Interfaces and Softwares/Ethernet/Manual/OnRobot Compute Box Description/E11/OnRobot Compute Box Description_E11_cz.pdf	1138866
Interfaces and Softwares/Ethernet/Manual/OnRobot Compute Box Description/E11/OnRobot Compute Box Description_E11_de.pdf	1127442
Interfaces and Softwares/Ethernet/Manual/OnRobot Compute Box Description/E11/OnRobot Compute Box Description_E11_dk.pdf	1148434
Interfaces and Softwares/Ethernet/Manual/OnRobot Compute Box Description/E11/OnRobot Compute Box Description_E11_en.pdf	1045496
Interfaces and Softwares/Ethernet/Manual/OnRobot Compute Box Description/E11/OnRobot Compute Box Description_E11_es.pdf	1212328
Interfaces and Softwares/Ethernet/Manual/OnRobot Compute Box Description/E11/OnRobot Compute Box Description_E11_fr.pdf	1144654
Interfaces and Softwares/Ethernet/Manual/OnRobot Compute Box Description/E11/OnRobot Compute Box Description_E11_hu.pdf	1085634
Interfaces and Softwares/Ethernet/Manual/OnRobot Compute Box Description/E11/OnRobot Compute Box Description_E11_it.pdf	1197043
Interfaces and Softwares/Ethernet/Manual/OnRobot Compute Box Description/E11/OnRobot Compute Box Description_E11_jp.pdf	1387881
Interfaces and Softwares/Ethernet/Manual/OnRobot Compute Box Description/E11/OnRobot Compute Box Description_E11_kr.pdf	1337652
Interfaces and Softwares/Ethernet/Manual/OnRobot Compute Box Description/E11/OnRobot Compute Box Description_E11_nl.pdf	1140709
Interfaces and Softwares/Ethernet/Manual/OnRobot Compute Box Description/E11/OnRobot Compute Box Description_E11_no.pdf	1127036
Interfaces and Softwares/Ethernet/Manual/OnRobot Compute Box Description/E11/OnRobot Compute Box Description_E11_pl.pdf	1190080
Interfaces and Softwares/Ethernet/Manual/OnRobot Compute Box Description/E11/OnRobot Compute Box Description_E11_pt.pdf	1216607
Interfaces and Softwares/Ethernet/Manual/OnRobot Compute Box Description/E11/OnRobot Compute Box Description_E11_ro.pdf	1215972
Interfaces and Softwares/Ethernet/Manual/OnRobot Compute Box Description/E11/OnRobot Compute Box Description_E11_ru.pdf	1367472
Interfaces and Softwares/Ethernet/Manual/OnRobot Compute Box Description/E11/OnRobot Compute Box Description_E11_se.pdf	1204526
Interfaces and Softwares/Ethernet/Manual/OnRobot Compute Box Description/E11/OnRobot Compute Box Description_E11_si.pdf	1212722
Interfaces and Softwares/Ethernet/Manual/OnRobot Compute Box Description/E11/OnRobot Compute Box Description_E11_sk.pdf	1105370
Interfaces and Softwares/Ethernet/Manual/OnRobot Compute Box Description/E11/OnRobot Compute Box Description_E11_tr.pdf	1130020
Interfaces and Softwares/Ethernet/Manual/OnRobot Compute Box Description/E12/OnRobot Compute Box Description_E12.pdf	1229945
Interfaces and Softwares/Ethernet/Manual/OnRobot Compute Box Robot Controller Interface Description_E7.pdf	646080
Interfaces and Softwares/Ethernet/Utility - Discovery/OptoForce_Etherned_Discovery_v1.0.1.jar	27469
Interfaces and Softwares/USB_UART_CAN/Driver/driver_installation_win7.pdf	1858904
Interfaces and Softwares/USB_UART_CAN/Driver/driver_installation_xp.pdf	1640903
Interfaces and Softwares/USB_UART_CAN/Driver/mchpcdc.cat	6244
Interfaces and Softwares/USB_UART_CAN/Driver/mchpcdc.inf	3414
Interfaces and Softwares/USB_UART_CAN/ODV Guide.pdf	1218963
Interfaces and Softwares/USB_UART_CAN/ODV/LINUX/ODV2_v1.0.0.tar	23386624
Interfaces and Softwares/USB_UART_CAN/ODV/WINDOWS/ODV2.exe	11737600
Interfaces and Softwares/USB_UART_CAN/ODV/WINDOWS/settings.ini	1394
Interfaces and Softwares/USB_UART_CAN/SDK/LINUX/OptoForceAPI2.0.0.tar	1481728
Interfaces and Softwares/USB_UART_CAN/SDK/WINDOWS/bin/OptoForceAPICSharp.dll	24576
Interfaces and Softwares/USB_UART_CAN/SDK/WINDOWS/bin/VS2010/OptoForceAPI.dll	522240
Interfaces and Softwares/USB_UART_CAN/SDK/WINDOWS/bin/VS2013/OptoForceAPI.dll	557056
Interfaces and Softwares/USB_UART_CAN/SDK/WINDOWS/bin/VS2015/OptoForceAPI.dll	608768
Interfaces and Softwares/USB_UART_CAN/SDK/WINDOWS/example_cpp/Example.cpp	2729
Interfaces and Softwares/USB_UART_CAN/SDK/WINDOWS/example_cpp/Example.vcxproj	7704
Interfaces and Softwares/USB_UART_CAN/SDK/WINDOWS/example_cpp/Example.vcxproj.filters	1334
Interfaces and Softwares/USB_UART_CAN/SDK/WINDOWS/example_cpp/ReadMe.txt	1715
Interfaces and Softwares/USB_UART_CAN/SDK/WINDOWS/example_cpp/include/OptoConfig.h	3793
Interfaces and Softwares/USB_UART_CAN/SDK/WINDOWS/example_cpp/include/OptoConfigurePacket.h	1427
Interfaces and Softwares/USB_UART_CAN/SDK/WINDOWS/example_cpp/include/OptoConfigurePackets.h	618
Interfaces and Softwares/USB_UART_CAN/SDK/WINDOWS/example_cpp/include/OptoConfigureParam.h	1167
Interfaces and Softwares/USB_UART_CAN/SDK/WINDOWS/example_cpp/include/OptoDAQ.h	15496
Interfaces and Softwares/USB_UART_CAN/SDK/WINDOWS/example_cpp/include/OptoDAQConfigure.h	863
Interfaces and Softwares/USB_UART_CAN/SDK/WINDOWS/example_cpp/include/OptoDAQDescriptor.h	3792
Interfaces and Softwares/USB_UART_CAN/SDK/WINDOWS/example_cpp/include/OptoDAQWatcher.h	5880
Interfaces and Softwares/USB_UART_CAN/SDK/WINDOWS/example_cpp/include/OptoDebugPacket.h	4560
Interfaces and Softwares/USB_UART_CAN/SDK/WINDOWS/example_cpp/include/OptoForceAPI.h	405
Interfaces and Softwares/USB_UART_CAN/SDK/WINDOWS/example_cpp/include/OptoForceCAPI.h	59424
Interfaces and Softwares/USB_UART_CAN/SDK/WINDOWS/example_cpp/include/OptoPacket3D.h	4691
Interfaces and Softwares/USB_UART_CAN/SDK/WINDOWS/example_cpp/include/OptoPacket6D.h	6622
Interfaces and Softwares/USB_UART_CAN/SDK/WINDOWS/example_cpp/include/OptoPackets3D.h	3550
Interfaces and Softwares/USB_UART_CAN/SDK/WINDOWS/example_cpp/include/OptoPackets6D.h	3608
Interfaces and Softwares/USB_UART_CAN/SDK/WINDOWS/example_cpp/include/OptoSensitivity.h	913
Interfaces and Softwares/USB_UART_CAN/SDK/WINDOWS/example_cpp/include/OptoSensitivityReport.h	5891
Interfaces and Softwares/USB_UART_CAN/SDK/WINDOWS/example_cpp/include/OptoSimplePacket3D.h	925
Interfaces and Softwares/USB_UART_CAN/SDK/WINDOWS/example_cpp/include/OptoSimplePacket6D.h	1237
Interfaces and Softwares/USB_UART_CAN/SDK/WINDOWS/example_cpp/include/OptoSimpleRawPacket.h	918
Interfaces and Softwares/USB_UART_CAN/SDK/WINDOWS/example_cpp/lib/VS2010/OptoForceAPI.lib	144718
Interfaces and Softwares/USB_UART_CAN/SDK/WINDOWS/example_cpp/lib/VS2013/OptoForceAPI.lib	147456
Interfaces and Softwares/USB_UART_CAN/SDK/WINDOWS/example_cpp/lib/VS2015/OptoForceAPI.lib	148116
Interfaces and Softwares/USB_UART_CAN/SDK/WINDOWS/example_cpp/stdafx.cpp	294
Interfaces and Softwares/USB_UART_CAN/SDK/WINDOWS/example_cpp/stdafx.h	320
Interfaces and Softwares/USB_UART_CAN/SDK/WINDOWS/example_cpp/targetver.h	314
Interfaces and Softwares/USB_UART_CAN/SDK/WINDOWS/example_csharp/App.config	189
Interfaces and Softwares/USB_UART_CAN/SDK/WINDOWS/example_csharp/CSharpAPITest.csproj	3743
Interfaces and Softwares/USB_UART_CAN/SDK/WINDOWS/example_csharp/CSharpAPITest.sln	1466
Interfaces and Softwares/USB_UART_CAN/SDK/WINDOWS/example_csharp/Program.cs	2203
Interfaces and Softwares/USB_UART_CAN/SDK/WINDOWS/example_csharp/Properties/AssemblyInfo.cs	1438
Interfaces and Softwares/USB_UART_CAN/SDK/WINDOWS/include/OptoConfig.h	3793
Interfaces and Softwares/USB_UART_CAN/SDK/WINDOWS/include/OptoConfigurePacket.h	1427
Interfaces and Softwares/USB_UART_CAN/SDK/WINDOWS/include/OptoConfigurePackets.h	618
Interfaces and Softwares/USB_UART_CAN/SDK/WINDOWS/include/OptoConfigureParam.h	1167
Interfaces and Softwares/USB_UART_CAN/SDK/WINDOWS/include/OptoDAQ.h	15496
Interfaces and Softwares/USB_UART_CAN/SDK/WINDOWS/include/OptoDAQConfigure.h	863
Interfaces and Softwares/USB_UART_CAN/SDK/WINDOWS/include/OptoDAQDescriptor.h	3792
Interfaces and Softwares/USB_UART_CAN/SDK/WINDOWS/include/OptoDAQWatcher.h	5880
Interfaces and Softwares/USB_UART_CAN/SDK/WINDOWS/include/OptoDebugPacket.h	4560
Interfaces and Softwares/USB_UART_CAN/SDK/WINDOWS/include/OptoForceAPI.h	405
Interfaces and Softwares/USB_UART_CAN/SDK/WINDOWS/include/OptoForceCAPI.h	59424
Interfaces and Softwares/USB_UART_CAN/SDK/WINDOWS/include/OptoPacket3D.h	4691
Interfaces and Softwares/USB_UART_CAN/SDK/WINDOWS/include/OptoPacket6D.h	6622
Interfaces and Softwares/USB_UART_CAN/SDK/WINDOWS/include/OptoPackets3D.h	3550
Interfaces and Softwares/USB_UART_CAN/SDK/WINDOWS/include/OptoPackets6D.h	3608
Interfaces and Softwares/USB_UART_CAN/SDK/WINDOWS/include/OptoSensitivity.h	913
Interfaces and Softwares/USB_UART_CAN/SDK/WINDOWS/include/OptoSensitivityReport.h	5891
Interfaces and Softwares/USB_UART_CAN/SDK/WINDOWS/include/OptoSimplePacket3D.h	925
Interfaces and Softwares/USB_UART_CAN/SDK/WINDOWS/include/OptoSimplePacket6D.h	1237
Interfaces and Softwares/USB_UART_CAN/SDK/WINDOWS/include/OptoSimpleRawPacket.h	918
Interfaces and Softwares/USB_UART_CAN/SDK/WINDOWS/lib/VS2010/OptoForceAPI.lib	144718
Interfaces and Softwares/USB_UART_CAN/SDK/WINDOWS/lib/VS2013/OptoForceAPI.lib	147456
Interfaces and Softwares/USB_UART_CAN/SDK/WINDOWS/lib/VS2015/OptoForceAPI.lib	148116
Interfaces and Softwares/USB_UART_CAN/SDK/documentation/_opto_a_p_i_8cs.html	8517
Interfaces and Softwares/USB_UART_CAN/SDK/documentation/_opto_config_8h.html	4499
Interfaces and Softwares/USB_UART_CAN/SDK/documentation/_opto_config_8h_source.html	8443
Interfaces and Softwares/USB_UART_CAN/SDK/documentation/_opto_configure_packet_8h_source.html	11579
Interfaces and Softwares/USB_UART_CAN/SDK/documentation/_opto_configure_packets_8h_source.html	7927
Interfaces and Softwares/USB_UART_CAN/SDK/documentation/_opto_configure_param_8h_source.html	11644
Interfaces and Softwares/USB_UART_CAN/SDK/documentation/_opto_d_a_q_8h.html	5381
Interfaces and Softwares/USB_UART_CAN/SDK/documentation/_opto_d_a_q_8h_source.html	19356
Interfaces and Softwares/USB_UART_CAN/SDK/documentation/_opto_d_a_q_configure_8h_source.html	9023
Interfaces and Softwares/USB_UART_CAN/SDK/documentation/_opto_d_a_q_descriptor_8h.html	4583
Interfaces and Softwares/USB_UART_CAN/SDK/documentation/_opto_d_a_q_descriptor_8h_source.html	12338
Interfaces and Softwares/USB_UART_CAN/SDK/documentation/_opto_d_a_q_watcher_8h.html	4692
Interfaces and Softwares/USB_UART_CAN/SDK/documentation/_opto_d_a_q_watcher_8h_source.html	9177
Interfaces and Softwares/USB_UART_CAN/SDK/documentation/_opto_debug_packet_8h.html	4570
Interfaces and Softwares/USB_UART_CAN/SDK/documentation/_opto_debug_packet_8h_source.html	11300
Interfaces and Softwares/USB_UART_CAN/SDK/documentation/_opto_force_a_p_i_8h_source.html	6639
Interfaces and Softwares/USB_UART_CAN/SDK/documentation/_opto_force_c_a_p_i_8h.html	313307
Interfaces and Softwares/USB_UART_CAN/SDK/documentation/_opto_force_c_a_p_i_8h_source.html	126959
Interfaces and Softwares/USB_UART_CAN/SDK/documentation/_opto_packet3_d_8h.html	4925
Interfaces and Softwares/USB_UART_CAN/SDK/documentation/_opto_packet3_d_8h_source.html	13545
Interfaces and Softwares/USB_UART_CAN/SDK/documentation/_opto_packet6_d_8h.html	4925
Interfaces and Softwares/USB_UART_CAN/SDK/documentation/_opto_packet6_d_8h_source.html	21001
Interfaces and Softwares/USB_UART_CAN/SDK/documentation/_opto_packets3_d_8h.html	4671
Interfaces and Softwares/USB_UART_CAN/SDK/documentation/_opto_packets3_d_8h_source.html	9237
Interfaces and Softwares/USB_UART_CAN/SDK/documentation/_opto_packets6_d_8h.html	4627
Interfaces and Softwares/USB_UART_CAN/SDK/documentation/_opto_packets6_d_8h_source.html	9414
Interfaces and Softwares/USB_UART_CAN/SDK/documentation/_opto_sensitivity_8h.html	4524
Interfaces and Softwares/USB_UART_CAN/SDK/documentation/_opto_sensitivity_8h_source.html	8535
Interfaces and Softwares/USB_UART_CAN/SDK/documentation/_opto_sensitivity_report_8h.html	4716
Interfaces and Softwares/USB_UART_CAN/SDK/documentation/_opto_sensitivity_report_8h_source.html	13506
Interfaces and Softwares/USB_UART_CAN/SDK/documentation/_opto_simple_packet3_d_8h.html	4545
Interfaces and Softwares/USB_UART_CAN/SDK/documentation/_opto_simple_packet3_d_8h_source.html	8385
Interfaces and Softwares/USB_UART_CAN/SDK/documentation/_opto_simple_packet6_d_8h.html	4545
Interfaces and Softwares/USB_UART_CAN/SDK/documentation/_opto_simple_packet6_d_8h_source.html	14959
Interfaces and Softwares/USB_UART_CAN/SDK/documentation/_opto_simple_raw_packet_8h_source.html	9616
Interfaces and Softwares/USB_UART_CAN/SDK/documentation/annotated.html	8427
Interfaces and Softwares/USB_UART_CAN/SDK/documentation/arrowdown.png	246
Interfaces and Softwares/USB_UART_CAN/SDK/documentation/arrowright.png	229
Interfaces and Softwares/USB_UART_CAN/SDK/documentation/bc_s.png	676
Interfaces and Softwares/USB_UART_CAN/SDK/documentation/bdwn.png	147
Interfaces and Softwares/USB_UART_CAN/SDK/documentation/c__exports_8h.html	294399
Interfaces and Softwares/USB_UART_CAN/SDK/documentation/c__exports_8h_source.html	119724
Interfaces and Softwares/USB_UART_CAN/SDK/documentation/class_opto_config-members.html	7109
Interfaces and Softwares/USB_UART_CAN/SDK/documentation/class_opto_config.html	21230
Interfaces and Softwares/USB_UART_CAN/SDK/documentation/class_opto_configure_packet-members.html	11356
Interfaces and Softwares/USB_UART_CAN/SDK/documentation/class_opto_configure_packet.html	12986
Interfaces and Softwares/USB_UART_CAN/SDK/documentation/class_opto_configure_packets-members.html	6649
Interfaces and Softwares/USB_UART_CAN/SDK/documentation/class_opto_configure_packets.html	7096
Interfaces and Softwares/USB_UART_CAN/SDK/documentation/class_opto_configure_param-members.html	11646
Interfaces and Softwares/USB_UART_CAN/SDK/documentation/class_opto_configure_param.html	11358
Interfaces and Softwares/USB_UART_CAN/SDK/documentation/class_opto_d_a_q-members.html	15170
Interfaces and Softwares/USB_UART_CAN/SDK/documentation/class_opto_d_a_q.html	63998
Interfaces and Softwares/USB_UART_CAN/SDK/documentation/class_opto_d_a_q.png	537
Interfaces and Softwares/USB_UART_CAN/SDK/documentation/class_opto_d_a_q_configure-members.html	18155
Interfaces and Softwares/USB_UART_CAN/SDK/documentation/class_opto_d_a_q_configure.html	29622
Interfaces and Softwares/USB_UART_CAN/SDK/documentation/class_opto_d_a_q_configure.png	531
Interfaces and Softwares/USB_UART_CAN/SDK/documentation/class_opto_d_a_q_descriptor-members.html	11258
Interfaces and Softwares/USB_UART_CAN/SDK/documentation/class_opto_d_a_q_descriptor.html	28414
Interfaces and Softwares/USB_UART_CAN/SDK/documentation/class_opto_d_a_q_watcher-members.html	7243
Interfaces and Softwares/USB_UART_CAN/SDK/documentation/class_opto_d_a_q_watcher.html	25083
Interfaces and Softwares/USB_UART_CAN/SDK/documentation/class_opto_debug_packet-members.html	9170
Interfaces and Softwares/USB_UART_CAN/SDK/documentation/class_opto_debug_packet.html	27076
Interfaces and Softwares/USB_UART_CAN/SDK/documentation/class_opto_packet3_d-members.html	9318
Interfaces and Softwares/USB_UART_CAN/SDK/documentation/class_opto_packet3_d.html	26540
Interfaces and Softwares/USB_UART_CAN/SDK/documentation/class_opto_packet6_d-members.html	14160
Interfaces and Softwares/USB_UART_CAN/SDK/documentation/class_opto_packet6_d.html	38044
Interfaces and Softwares/USB_UART_CAN/SDK/documentation/class_opto_packets3_d-members.html	7306
Interfaces and Softwares/USB_UART_CAN/SDK/documentation/class_opto_packets3_d.html	20230
Interfaces and Softwares/USB_UART_CAN/SDK/documentation/class_opto_packets6_d-members.html	7306
Interfaces and Softwares/USB_UART_CAN/SDK/documentation/class_opto_packets6_d.html	20272
Interfaces and Softwares/USB_UART_CAN/SDK/documentation/class_opto_sensitivity-members.html	5742
Interfaces and Softwares/USB_UART_CAN/SDK/documentation/class_opto_sensitivity.html	9878
Interfaces and Softwares/USB_UART_CAN/SDK/documentation/class_opto_sensitivity_report-members.html	12388
Interfaces and Softwares/USB_UART_CAN/SDK/documentation/class_opto_sensitivity_report.html	39668
Interfaces and Softwares/USB_UART_CAN/SDK/documentation/class_opto_simple_packet3_d.html	15507
Interfaces and Softwares/USB_UART_CAN/SDK/documentation/class_opto_simple_packet6_d.html	16217
Interfaces and Softwares/USB_UART_CAN/SDK/documentation/class_opto_simple_raw_packet-members.html	8533
Interfaces and Softwares/USB_UART_CAN/SDK/documentation/class_opto_simple_raw_packet.html	9313
Interfaces and Softwares/USB_UART_CAN/SDK/documentation/classes.html	6194
Interfaces and Softwares/USB_UART_CAN/SDK/documentation/closed.png	132
Interfaces and Softwares/USB_UART_CAN/SDK/documentation/cs1.png	6349
Interfaces and Softwares/USB_UART_CAN/SDK/documentation/dir_09b6cef671afa46bcf6afa36c3249360.html	4390
Interfaces and Softwares/USB_UART_CAN/SDK/documentation/dir_127ab1c95b820b46119d787669366a48.html	8019
Interfaces and Softwares/USB_UART_CAN/SDK/documentation/dir_2074d9e6178a4e518754a00731b7d912.html	4499
Interfaces and Softwares/USB_UART_CAN/SDK/documentation/dir_41a9dfe1cbab7f1798bc68634714c250.html	9699
Interfaces and Softwares/USB_UART_CAN/SDK/documentation/dir_65fbd0d66952e9d0a9b92546e4690cd4.html	4100
Interfaces and Softwares/USB_UART_CAN/SDK/documentation/dir_9150938d1394c0447fb01708594f897c.html	4203
Interfaces and Softwares/USB_UART_CAN/SDK/documentation/dir_9ddda128b5fc830a095052b08120b9f7.html	4298
Interfaces and Softwares/USB_UART_CAN/SDK/documentation/doc.png	746
Interfaces and Softwares/USB_UART_CAN/SDK/documentation/doxygen.css	25495
Interfaces and Softwares/USB_UART_CAN/SDK/documentation/doxygen.png	3779
Interfaces and Softwares/USB_UART_CAN/SDK/documentation/dynsections.js	3140
Interfaces and Softwares/USB_UART_CAN/SDK/documentation/e1.png	93679
Interfaces and Softwares/USB_UART_CAN/SDK/documentation/e2.png	92880
Interfaces and Softwares/USB_UART_CAN/SDK/documentation/files.html	8220
Interfaces and Softwares/USB_UART_CAN/SDK/documentation/folderclosed.png	616
Interfaces and Softwares/USB_UART_CAN/SDK/documentation/folderopen.png	597
Interfaces and Softwares/USB_UART_CAN/SDK/documentation/functions.html	5986
Interfaces and Softwares/USB_UART_CAN/SDK/documentation/functions_c.html	7931
Interfaces and Softwares/USB_UART_CAN/SDK/documentation/functions_f.html	6111
Interfaces and Softwares/USB_UART_CAN/SDK/documentation/functions_func.html	27812
Interfaces and Softwares/USB_UART_CAN/SDK/documentation/functions_g.html	14974
Interfaces and Softwares/USB_UART_CAN/SDK/documentation/functions_h.html	5659
Interfaces and Softwares/USB_UART_CAN/SDK/documentation/functions_i.html	7314
Interfaces and Softwares/USB_UART_CAN/SDK/documentation/functions_l.html	5656
Interfaces and Softwares/USB_UART_CAN/SDK/documentation/functions_o.html	7971
Interfaces and Softwares/USB_UART_CAN/SDK/documentation/functions_r.html	5739
Interfaces and Softwares/USB_UART_CAN/SDK/documentation/functions_s.html	8945
Interfaces and Softwares/USB_UART_CAN/SDK/documentation/functions_t.html	6244
Interfaces and Softwares/USB_UART_CAN/SDK/documentation/functions_u.html	5611
Interfaces and Softwares/USB_UART_CAN/SDK/documentation/functions_vars.html	7087
Interfaces and Softwares/USB_UART_CAN/SDK/documentation/functions_w.html	5497
Interfaces and Softwares/USB_UART_CAN/SDK/documentation/functions_z.html	5607
Interfaces and Softwares/USB_UART_CAN/SDK/documentation/functions_~.html	6568
Interfaces and Softwares/USB_UART_CAN/SDK/documentation/globals.html	28782
Interfaces and Softwares/USB_UART_CAN/SDK/documentation/globals_func.html	27190
Interfaces and Softwares/USB_UART_CAN/SDK/documentation/globals_type.html	5410
Interfaces and Softwares/USB_UART_CAN/SDK/documentation/hierarchy.html	8654
Interfaces and Softwares/USB_UART_CAN/SDK/documentation/index.html	24829
Interfaces and Softwares/USB_UART_CAN/SDK/documentation/jquery.js	146338
Interfaces and Softwares/USB_UART_CAN/SDK/documentation/logo.png	9207
Interfaces and Softwares/USB_UART_CAN/SDK/documentation/nav_f.png	153
Interfaces and Softwares/USB_UART_CAN/SDK/documentation/nav_g.png	95
Interfaces and Softwares/USB_UART_CAN/SDK/documentation/nav_h.png	98
Interfaces and Softwares/USB_UART_CAN/SDK/documentation/open.png	123
Interfaces and Softwares/USB_UART_CAN/SDK/documentation/opto_stylesheet.css	23164
Interfaces and Softwares/USB_UART_CAN/SDK/documentation/opto_tabs.css	1139
Interfaces and Softwares/USB_UART_CAN/SDK/documentation/search/all_0.html	1014
Interfaces and Softwares/USB_UART_CAN/SDK/documentation/search/all_0.js	735
Interfaces and Softwares/USB_UART_CAN/SDK/documentation/search/all_1.html	1014
Interfaces and Softwares/USB_UART_CAN/SDK/documentation/search/all_1.js	2466
Interfaces and Softwares/USB_UART_CAN/SDK/documentation/search/all_2.html	1014
Interfaces and Softwares/USB_UART_CAN/SDK/documentation/search/all_2.js	695
Interfaces and Softwares/USB_UART_CAN/SDK/documentation/search/all_3.html	1014
Interfaces and Softwares/USB_UART_CAN/SDK/documentation/search/all_3.js	9855
Interfaces and Softwares/USB_UART_CAN/SDK/documentation/search/all_4.html	1014
Interfaces and Softwares/USB_UART_CAN/SDK/documentation/search/all_4.js	292
Interfaces and Softwares/USB_UART_CAN/SDK/documentation/search/all_5.html	1014
Interfaces and Softwares/USB_UART_CAN/SDK/documentation/search/all_5.js	1867
Interfaces and Softwares/USB_UART_CAN/SDK/documentation/search/all_6.html	1014
Interfaces and Softwares/USB_UART_CAN/SDK/documentation/search/all_6.js	289
Interfaces and Softwares/USB_UART_CAN/SDK/documentation/search/all_7.html	1014
Interfaces and Softwares/USB_UART_CAN/SDK/documentation/search/all_7.js	32618
Interfaces and Softwares/USB_UART_CAN/SDK/documentation/search/all_8.html	1014
Interfaces and Softwares/USB_UART_CAN/SDK/documentation/search/all_8.js	373
Interfaces and Softwares/USB_UART_CAN/SDK/documentation/search/all_9.html	1014
Interfaces and Softwares/USB_UART_CAN/SDK/documentation/search/all_9.js	3722
Interfaces and Softwares/USB_UART_CAN/SDK/documentation/search/all_a.html	1014
Interfaces and Softwares/USB_UART_CAN/SDK/documentation/search/all_a.js	863
Interfaces and Softwares/USB_UART_CAN/SDK/documentation/search/all_b.html	1014
Interfaces and Softwares/USB_UART_CAN/SDK/documentation/search/all_b.js	226
Interfaces and Softwares/USB_UART_CAN/SDK/documentation/search/all_c.html	1014
Interfaces and Softwares/USB_UART_CAN/SDK/documentation/search/all_c.js	118
Interfaces and Softwares/USB_UART_CAN/SDK/documentation/search/all_d.html	1014
Interfaces and Softwares/USB_UART_CAN/SDK/documentation/search/all_d.js	218
Interfaces and Softwares/USB_UART_CAN/SDK/documentation/search/all_e.html	1014
Interfaces and Softwares/USB_UART_CAN/SDK/documentation/search/all_e.js	1205
Interfaces and Softwares/USB_UART_CAN/SDK/documentation/search/classes_0.html	1018
Interfaces and Softwares/USB_UART_CAN/SDK/documentation/search/classes_0.js	1373
Interfaces and Softwares/USB_UART_CAN/SDK/documentation/search/close.png	273
Interfaces and Softwares/USB_UART_CAN/SDK/documentation/search/files_0.html	1016
Interfaces and Softwares/USB_UART_CAN/SDK/documentation/search/files_0.js	105
Interfaces and Softwares/USB_UART_CAN/SDK/documentation/search/files_1.html	1016
Interfaces and Softwares/USB_UART_CAN/SDK/documentation/search/files_1.js	1139
Interfaces and Softwares/USB_UART_CAN/SDK/documentation/search/functions_0.html	1020
Interfaces and Softwares/USB_UART_CAN/SDK/documentation/search/functions_0.js	665
Interfaces and Softwares/USB_UART_CAN/SDK/documentation/search/functions_1.html	1020
Interfaces and Softwares/USB_UART_CAN/SDK/documentation/search/functions_1.js	1338
Interfaces and Softwares/USB_UART_CAN/SDK/documentation/search/functions_2.html	1020
Interfaces and Softwares/USB_UART_CAN/SDK/documentation/search/functions_2.js	9855
Interfaces and Softwares/USB_UART_CAN/SDK/documentation/search/functions_3.html	1020
Interfaces and Softwares/USB_UART_CAN/SDK/documentation/search/functions_3.js	292
Interfaces and Softwares/USB_UART_CAN/SDK/documentation/search/functions_4.html	1020
Interfaces and Softwares/USB_UART_CAN/SDK/documentation/search/functions_4.js	1649
Interfaces and Softwares/USB_UART_CAN/SDK/documentation/search/functions_5.html	1020
Interfaces and Softwares/USB_UART_CAN/SDK/documentation/search/functions_5.js	289
Interfaces and Softwares/USB_UART_CAN/SDK/documentation/search/functions_6.html	1020
Interfaces and Softwares/USB_UART_CAN/SDK/documentation/search/functions_6.js	29902
Interfaces and Softwares/USB_UART_CAN/SDK/documentation/search/functions_7.html	1020
Interfaces and Softwares/USB_UART_CAN/SDK/documentation/search/functions_7.js	373
Interfaces and Softwares/USB_UART_CAN/SDK/documentation/search/functions_8.html	1020
Interfaces and Softwares/USB_UART_CAN/SDK/documentation/search/functions_8.js	3453
Interfaces and Softwares/USB_UART_CAN/SDK/documentation/search/functions_9.html	1020
Interfaces and Softwares/USB_UART_CAN/SDK/documentation/search/functions_9.js	265
Interfaces and Softwares/USB_UART_CAN/SDK/documentation/search/functions_a.html	1020
Interfaces and Softwares/USB_UART_CAN/SDK/documentation/search/functions_a.js	226
Interfaces and Softwares/USB_UART_CAN/SDK/documentation/search/functions_b.html	1020
Interfaces and Softwares/USB_UART_CAN/SDK/documentation/search/functions_b.js	118
Interfaces and Softwares/USB_UART_CAN/SDK/documentation/search/functions_c.html	1020
Interfaces and Softwares/USB_UART_CAN/SDK/documentation/search/functions_c.js	218
Interfaces and Softwares/USB_UART_CAN/SDK/documentation/search/functions_d.html	1020
Interfaces and Softwares/USB_UART_CAN/SDK/documentation/search/functions_d.js	1205
Interfaces and Softwares/USB_UART_CAN/SDK/documentation/search/mag_sel.png	563
Interfaces and Softwares/USB_UART_CAN/SDK/documentation/search/nomatches.html	461
Interfaces and Softwares/USB_UART_CAN/SDK/documentation/search/pages_0.html	1016
Interfaces and Softwares/USB_UART_CAN/SDK/documentation/search/pages_0.js	90
Interfaces and Softwares/USB_UART_CAN/SDK/documentation/search/search.css	4461
Interfaces and Softwares/USB_UART_CAN/SDK/documentation/search/search.js	22125
Interfaces and Softwares/USB_UART_CAN/SDK/documentation/search/search_l.png	604
Interfaces and Softwares/USB_UART_CAN/SDK/documentation/search/search_m.png	158
Interfaces and Softwares/USB_UART_CAN/SDK/documentation/search/search_r.png	612
Interfaces and Softwares/USB_UART_CAN/SDK/documentation/search/searchdata.js	414
Interfaces and Softwares/USB_UART_CAN/SDK/documentation/search/typedefs_0.html	1019
Interfaces and Softwares/USB_UART_CAN/SDK/documentation/search/typedefs_0.js	1572
Interfaces and Softwares/USB_UART_CAN/SDK/documentation/search/variables_0.html	1020
Interfaces and Softwares/USB_UART_CAN/SDK/documentation/search/variables_0.js	1148
Interfaces and Softwares/USB_UART_CAN/SDK/documentation/search/variables_1.html	1020
Interfaces and Softwares/USB_UART_CAN/SDK/documentation/search/variables_1.js	695
Interfaces and Softwares/USB_UART_CAN/SDK/documentation/search/variables_2.html	1020
Interfaces and Softwares/USB_UART_CAN/SDK/documentation/search/variables_2.js	265
Interfaces and Softwares/USB_UART_CAN/SDK/documentation/search/variables_3.html	1020
Interfaces and Softwares/USB_UART_CAN/SDK/documentation/search/variables_3.js	289
Interfaces and Softwares/USB_UART_CAN/SDK/documentation/search/variables_4.html	1020
Interfaces and Softwares/USB_UART_CAN/SDK/documentation/search/variables_4.js	618
Interfaces and Softwares/USB_UART_CAN/SDK/documentation/splitbar.png	314
Interfaces and Softwares/USB_UART_CAN/SDK/documentation/struct_opto_simple_packet3_d-members.html	6461
Interfaces and Softwares/USB_UART_CAN/SDK/documentation/struct_opto_simple_packet3_d.html	11525
Interfaces and Softwares/USB_UART_CAN/SDK/documentation/struct_opto_simple_packet6_d-members.html	8036
Interfaces and Softwares/USB_UART_CAN/SDK/documentation/struct_opto_simple_packet6_d.html	15683
Interfaces and Softwares/USB_UART_CAN/SDK/documentation/sync_off.png	853
Interfaces and Softwares/USB_UART_CAN/SDK/documentation/sync_on.png	845
Interfaces and Softwares/USB_UART_CAN/SDK/documentation/tab_a.png	142
Interfaces and Softwares/USB_UART_CAN/SDK/documentation/tab_b.png	169
Interfaces and Softwares/USB_UART_CAN/SDK/documentation/tab_h.png	177
Interfaces and Softwares/USB_UART_CAN/SDK/documentation/tab_s.png	184
Interfaces and Softwares/USB_UART_CAN/SDK/documentation/tabs.css	1163
Interfaces and Softwares/USB_UART_CAN/SDK/documentation/vsc1.png	27865
Interfaces and Softwares/USB_UART_CAN/SDK/documentation/vsc2.png	33662
Interfaces and Softwares/USB_UART_CAN/SDK/documentation/vsc3.png	41774
Interfaces and Softwares/USB_UART_CAN/SETUP/API_Setup.exe	1924674
Interfaces and Softwares/USB_UART_CAN/SETUP/Driver_Setup.exe	1197056
Interfaces and Softwares/USB_UART_CAN/SETUP/ODV2_Setup.exe	6061216
Interfaces and Softwares/USB_UART_CAN/User Manual Force Sensor DAQs with USB, UART or CAN Interfaces_E2.pdf	253228
OnRobot_KUKA_Installer/OnRobotKUKASetup4.1.1.exe	1853440
OnRobot_UR_Config/onrobot.urcap.properties	29
OnRobot_UR_Programs/FT-OnRobot-4.1.7.1754.urcap	2145443
OnRobot_UR_Programs/OnRobot_Box_Insertion_Example.urp	1743
OnRobot_UR_Programs/OnRobot_Centerpoint_Detection_Example.urp	1508
OnRobot_UR_Programs/OnRobot_Collision_Detection_Example.urp	1610
OnRobot_UR_Programs/OnRobot_Palletizing_Example.urp	4374
OnRobot_UR_Programs/OnRobot_Pin_Insertion_Example.urp	2101
OnRobot_UR_Programs/OnRobot_Plastic_Parting_Line_Removal_Example.urp	1758
Polyscope_3.5_compatibility_URCap/OnRobot-FT-4.0.0.090704.urcap	1748517
System Volume Information/IndexerVolumeGuid	76
System Volume Information/WPSettings.dat	12
autorun.inf	29
onlogo.png	8713
onrobot.ico	1150
urmagic_onrobot.sh	423
